Company Name,Company Link,Description,Location
PieData,https://vault.alchemistaccelerator.com/companies/public/piedata-ai,"No-Code Platform that Helps you to Find, Launch & Train ML Models Saving 98% of the Time and Money Companies Spend on Data Scientists",USA
Torus,https://vault.alchemistaccelerator.com/companies/public/torus,SaaS Intelligence for Banks to Boost their Profits on Card Transactions by 20%.,Lithuania
AgTools,https://vault.alchemistaccelerator.com/companies/public/agtools,"Monitoring Worldwide Food Markets in Real Time for Supply Chain Stakeholders to Increase Top Line, Reduce Waste.",USA
Illumo Robotics,https://vault.alchemistaccelerator.com/companies/public/illumo-robotics,Robotic Order Picking SaaS to Transform SME E-Commerce Logistics,France
AiSport,https://vault.alchemistaccelerator.com/companies/public/ai-pro-sport,"Prevents Traumas, Increases Workout Effectiveness",USA
Segmed,https://vault.alchemistaccelerator.com/companies/public/segmed,Provide High Quality Training Datasets for Medical AI,USA
Materiall,https://vault.alchemistaccelerator.com/companies/public/materiall,Product Discovery for Omnichannel Retailers,USA
Operant Networks,https://vault.alchemistaccelerator.com/companies/public/operant-networks,Edge Communications Platform with Advanced Cybersecurity for Distributed Networks,USA
OneCommons,https://vault.alchemistaccelerator.com/companies/public/onecommons,Building a Free and Open Cloud,USA
Budee Solutions,https://vault.alchemistaccelerator.com/companies/public/budee-solutions,Digital Safety Management for the Industrial Enterprise,Canada
RED Atlas,https://vault.alchemistaccelerator.com/companies/public/red-atlas,"Real Estate Data Mining, Processing, and Analytics Company",Puerto Rico
Liqui,https://vault.alchemistaccelerator.com/companies/public/liqui,Fintech-Enabled Labor Marketplace for Blue Collar Gig Workers,Argentina
Recoshelf,https://vault.alchemistaccelerator.com/companies/public/recoshelf,Computer Vision that Empowers Retailers and Increases Sales,Europe Estonia
Ntapi (in-tapi),https://vault.alchemistaccelerator.com/companies/public/ntapi,African Edtech Social Network Marketplace,Nigeria
NavigateIO Inc.,https://vault.alchemistaccelerator.com/companies/public/navigateio,"Self Contained Location Intelligence in GPS-Denied Areas for Public Safety, Military, Construction, Warehousing, Industrial and AR/VR",USA
FaradaIC Sensors,https://vault.alchemistaccelerator.com/companies/public/faradaic-sensors,Miniaturized Gas Sensors on a Microchip for Any IoT Device,Germany
Lynxai,https://vault.alchemistaccelerator.com/companies/public/rm-analytics,A Data-Driven Platform that Makes ESG Investment More Efficient,USA
GiveShop,https://vault.alchemistaccelerator.com/companies/public/giveshop,Matchmaking Platform For Businesses and Impact Organizations,USA
MotionRay,https://vault.alchemistaccelerator.com/companies/public/motionray,Decentralized Marketplace for Wireless Broadband,USA
Firecell,https://vault.alchemistaccelerator.com/companies/public/firecell,Builds an Open Platform to Enable Enterprises to Deploy Private 5G Networks Faster and Cheaper,Europe France
Rocketbrew,https://vault.alchemistaccelerator.com/companies/public/rocketbrew,Ecommerce Competitive Analytics Platform for D2C Brands,Canada
Joinedapp,https://vault.alchemistaccelerator.com/companies/public/joinedapp,Payment-Enabled Messaging Platform for Web 3.0 Ecommerce,USA
engageLively,https://vault.alchemistaccelerator.com/companies/public/engagelively,Intelligent Dashboards that Enable Data Science for All,USA
VAR.energy,https://vault.alchemistaccelerator.com/companies/public/var-energy,Smart Grid ‚ÄúPlatform-as-a-Service‚Äù Provider,Europe Ukraine
Smartan,https://vault.alchemistaccelerator.com/companies/public/smartan,Business Revenue Verification. Financial and Accounting Data Aggregation & Analytics,USA
xLight,https://vault.alchemistaccelerator.com/companies/public/xlight,Exponential Light Source Powering the Future of Moore's Law,USA
CodeLock,https://vault.alchemistaccelerator.com/companies/public/protectedby-ai,Software Security at the Code-Level,USA
Aratar Technologies,https://vault.alchemistaccelerator.com/companies/public/aratar-technologies,"Makes Digital Investments Easy, Secure, and Compliant",USA
Asynos,https://vault.alchemistaccelerator.com/companies/public/asynos,Sensor-Enabled Product Intelligence at Item-Level,USA
Covision Quality,https://vault.alchemistaccelerator.com/companies/public/covision-quality,Automation Software for the Manufacturing Industry - Starting Out with Tackling the Trillion Dollar Global Visual Inspection Problem,Italy
Deriskly Limited,https://vault.alchemistaccelerator.com/companies/public/deriskly-limited,"Leveraging AI to Help Companies Prevent Legal Disputes by Detecting and Assessing Risks in Documents, Emails, Social Media & Web",Europe United Kingdom
Kanari AI,https://vault.alchemistaccelerator.com/companies/public/kanari-ai,Speech Tech for the Other Half of the World,USA
Watts Battery,https://vault.alchemistaccelerator.com/companies/public/watts-battery,"First all-in-one home energy trading platform, enabled by seamless lego-like power system",USA
Seabird Apps,https://vault.alchemistaccelerator.com/companies/public/seabird-apps,Squarespace for mobile apps üì±,USA
Slingshot,https://vault.alchemistaccelerator.com/companies/public/slingshot-ahead,Scout the Future LeBrons of Tech,USA
Portals,https://vault.alchemistaccelerator.com/companies/public/portals,Platform for Creators to Host their Communities on with Subscription and Sponsorship Components for Monetization,USA
Tellus Technologies,https://vault.alchemistaccelerator.com/companies/public/tellus-technologies,Sustainable Plant-Based Materials,USA
Revire,https://vault.alchemistaccelerator.com/companies/public/revire,The Quickest Way to Build Internal AI Tools,USA
Wilab,https://vault.alchemistaccelerator.com/companies/public/wilab,5G Network Data Analytics. Reduces Outages for Companies like AT&T and Cisco by 10x. And Monetizes User Navigation Data.,USA
Grandeur,https://vault.alchemistaccelerator.com/companies/public/grandeur-technologies,Netlify of IoT üî•,Pakistan
Booke.AI,https://vault.alchemistaccelerator.com/companies/public/booke-ai,Automates Up to 80% of a Bookkeeper's Daily Tasks and Eliminates 41% of Accounting Mistakes,USA
JSight,https://vault.alchemistaccelerator.com/companies/public/j-sight,"Open Source API Documentation Platform that Automatically Ensures that the API Documentation is Complete, Up to Date, and Useful",USA
Werbot,https://vault.alchemistaccelerator.com/companies/public/werbot,"1Password for Servers - Easy Server Access Sharing, Control and Audit",USA
eCommerceInsights.AI,https://vault.alchemistaccelerator.com/companies/public/ecommerceinsights-ai,Helps Brands Sell More with AI Powered eCommerce Review Insights,USA
Qummy,https://vault.alchemistaccelerator.com/companies/public/qummy,Food market disruption. Meals without cooking,USA
pal,https://vault.alchemistaccelerator.com/companies/public/products-for-any-lifestyle,"Simplifies How Families Find Qualified Caregivers, Coordinate Care, and Manage their Autistic Children in Order to Increase Early Intervention Outcomes",USA
EVAGo Medtech,https://vault.alchemistaccelerator.com/companies/public/evago-medtech,Delivering Rehabilitation to People at Home Remotely Using AI-Powered Technology,Taiwan
NFTpay,https://vault.alchemistaccelerator.com/companies/public/nftpay,Lightning Fast Credit Card Solution for NFTs,USA
EMBER Medical,https://vault.alchemistaccelerator.com/companies/public/ember-medical,"Digital SaaS Toolkit Enhancing Physicians Engagement and Acquiring of Patients in MENASA through Telemedicine, Online Booking/Reviews and Patients' EMR at Affordable Price",USA
Copyright Delta,https://vault.alchemistaccelerator.com/companies/public/copyright-delta,"Tokenized management of royalties, licensing and ownership. All data sovereign.",Europe Netherlands
Fixtender,https://vault.alchemistaccelerator.com/companies/public/fixtender,Marketplace and SaaS for Construction Tenders,Europe United Kingdom
Tensorfield Agriculture,https://vault.alchemistaccelerator.com/companies/public/tensorfield-agriculture,Vision & Micro-Fluidics to Grow Crops with 40X Less Labor & 10X Less Spray,USA
Arcturus,https://vault.alchemistaccelerator.com/companies/public/arcturus,"Data Analytics & SaaS Tools for Financial Institutions to Evaluate Climate Linked Financial Risk in Portfolios, to Power New Investment Products & Enable Corporates to Develop and Execute on Defensible Climate Plans",Europe United Kingdom
Esper Bionics,https://vault.alchemistaccelerator.com/companies/public/esper,Bringing AI+IoT to the Prosthetic Industry with a Larger Vision for Human Augmentation,USA
OnTrack Rehab,https://vault.alchemistaccelerator.com/companies/public/ontrack-rehab,At-Home Digital Health Platform that Trains Balance and Prevents Falls for the Elderly,USA
KNOWRON,https://vault.alchemistaccelerator.com/companies/public/knowron,Digital Personal Assistant for Service Technicians in Mechanical Engineering,Europe Germany
The Bright App,https://vault.alchemistaccelerator.com/companies/public/the-bright-app,The Bright App is revolutionizing the way companies improve employee health & wellness with 2000+ world-class fitness trainers and coaches.,USA
11Sight,https://vault.alchemistaccelerator.com/companies/public/11sight,Customer Engagement Platform for Sales and Marketing which Allows Customers to Reach Out to Businesses via Video or Audio with One Click from Any Online Channel,USA
QVALON,https://vault.alchemistaccelerator.com/companies/public/qvalon,"Cloud-Based Solution to Manage, Monitor, and Magnify Retail Business",USA
AltComm,https://vault.alchemistaccelerator.com/companies/public/altcomm,AI-Powered Patient-Provider Communication Platform to Reduce Medical Errors,USA
Moodbit,https://vault.alchemistaccelerator.com/companies/public/moodbit,"AI Solution for the Employee Experience, Helping Organizations to Make Better People Decisions, Improving Employee Engagement, Productivity, and Retention",USA
GoCharlie,https://vault.alchemistaccelerator.com/companies/public/gaudium-ai,"Shaping the future of work through generative AI üöÄ Gaudium.AI, Inc. d.b.a. GoCharlie.ai",USA
Simularge,https://vault.alchemistaccelerator.com/companies/public/simularge,No-code AI Platform for Industrial Cost Reduction,USA
Speechki,https://vault.alchemistaccelerator.com/companies/public/speechki,Audiobook Recording with All Synthetic Voices,USA
EngFlow,https://vault.alchemistaccelerator.com/companies/public/engflow,Supercharge Developer Productivity with 10x Faster Software Builds,USA
ExoVibe,https://vault.alchemistaccelerator.com/companies/public/exovibe,Analyze Your Physical Capabilities,Belgi√´
Freightify,https://vault.alchemistaccelerator.com/companies/public/freightify,A Cutting-Edge SaaS Platform Aiming to Empower the Key Players in the Trillion-Dollar International Freight Industry with Technology,India
Direktiv,https://vault.alchemistaccelerator.com/companies/public/direktiv,Turning Microservices into Business Logic Using Serverless Workflows,Australia
Navvisa,https://vault.alchemistaccelerator.com/companies/public/my-health-concierge,"Expert Concierge-Style Cancer Navigation for Employees and Caregivers, Offered through Employee Assistance Programs, Delivered by Certified Oncology Nurses via Telehealth Platform.",USA
Geecko,https://vault.alchemistaccelerator.com/companies/public/geecko,"Platform that Automatizes Developers' Relations and Help Companies Hire IT Professionals Using Employer Brand Marketing, 53x More Effective than Hackathons.",USA
Ahura AI,https://vault.alchemistaccelerator.com/companies/public/ahura-ai,"AI-powered Upskilling, 3-5x Faster for Competitive Edge.",USA
Growfitter,https://vault.alchemistaccelerator.com/companies/public/growfitter,Gamified Digital Health Platform Offering Lifestyle Rewards to Stay Healthy.,India
Neuronix AI Labs,https://vault.alchemistaccelerator.com/companies/public/neuronix-ai-labs,Reducing AI-based Computer-Vision Cost and Power Consumption by 90%.,USA
Eunimart Crossborder Pte Ltd,https://vault.alchemistaccelerator.com/companies/public/eunimart-crossborder-pte,Unified SAAS Platform Suite Simplifying Omnichannel Sales for Small to Medium Global Retail Brands.,Singapore
Sif Homes,https://vault.alchemistaccelerator.com/companies/public/sif-homes,Last Meter Connectivity Superhero Sending Wireless Signal Over Your Home‚Äôs Electrical Wiring to Increase Reach and Data Speed in the Most Universal Manner.,USA
Chatalytic,https://vault.alchemistaccelerator.com/companies/public/chatalytic,Measure the Quality of your Customer Conversations Without a Single Survey.,USA
Stargazr,https://vault.alchemistaccelerator.com/companies/public/stargazr,Pioneering intelligent financial analysis,USA
Ant Media,https://vault.alchemistaccelerator.com/companies/public/ant-media,"Video Streaming Platform Provider having 700+ Active Customers, 3,150+ Servers Running in 120+ Countries.",USA
Laundris Corporation,https://vault.alchemistaccelerator.com/companies/public/laundris,Autonomous Linen Management Platform for Hoteliers that Reduces Expenses and Operating Costs by up to 40%.,USA
Bitreel,https://vault.alchemistaccelerator.com/companies/public/bitreel,Shopping Platform for the Immersive Web.,USA
In-Pipe Robot Inc.,https://vault.alchemistaccelerator.com/companies/public/in-pipe-robot,In-Pipe Robot provides robotic pipeline inspection to help Water & Energy companies assess their systems and reduce maintenance expenses by 75% while ensuring safe operations.,USA
VIPficated,https://vault.alchemistaccelerator.com/companies/public/vipficated,"65% of the population buys at secondhand marketplaces such as eBay. $100B/year worth of pre-owned products aren‚Äôt sold due to Lack of Trust. VIPficated provides TRUST for every marketplace, boosting SALES 3x.",USA
Metabob,https://vault.alchemistaccelerator.com/companies/public/metabob,AI-Based Meta Analysis that Saves Countless Hours of Debugging.,USA
Bloom Behaviours,https://vault.alchemistaccelerator.com/companies/public/bloom-behaviours,An Action-orientated Behavioral Platform for Teams.,Europe United Kingdom
Measurecare Inc,https://vault.alchemistaccelerator.com/companies/public/measurecare,reCaptcha for Radiology Imaging AI,USA
EVE,https://vault.alchemistaccelerator.com/companies/public/eve,EV Fleet Management SaaS Empowering Companies to Charge their Fleets Cost and Energy Efficiently.,Europe Ireland
Inanna Fertility,https://vault.alchemistaccelerator.com/companies/public/inanna-ag,Revolutionizing In Vitro Fertilizations (IVF) Through AI-powered Clinical Decision Support Platform for IVF Clinics Based On Access To World‚Äôs Largest Fertility Dataset.,Europe Switzerland
Siro.ai,https://vault.alchemistaccelerator.com/companies/public/siro-ai,"We let field sales managers coach every rep, every day.",USA
Delight,https://vault.alchemistaccelerator.com/companies/public/delight,E-commerce App that Empowers Customers to Refer and Review their Favorite Businesses and Provides Owners with Valuable Insights.,USA
Rebolet AG,https://vault.alchemistaccelerator.com/companies/public/rebolet-ag,Provides an All-in-One Reselling Service for E-commerce Returns and Overstock Through our SaaS Platform.,Europe Germany
EcoSync,https://vault.alchemistaccelerator.com/companies/public/ecosync,Cloud-based Energy Management Platform by Oxford Scientists.,Europe United Kingdom
Raxel,https://vault.alchemistaccelerator.com/companies/public/raxel-telematics,Mobile Telematics as a Service. We Power Telematics inside 3rd Party Apps.,USA
Vardo,https://vault.alchemistaccelerator.com/companies/public/vardo,Unlock the Full Potential of Software Teams by Automating Project Management.,USA
SmallTalk,https://vault.alchemistaccelerator.com/companies/public/smalltalk,AI-based Tool for Assessing & Improving Spoken English. It Helps Companies Score Candidates by Language Proficiency and Improve Non-native English Speakers' Communication.,USA
BigOmics Analytics,https://vault.alchemistaccelerator.com/companies/public/bigomics-analytics,Empowering Biologists with Self-Service Analytics Platforms to Visualize and Understand Their Data.,Switzerland
BestPlace,https://vault.alchemistaccelerator.com/companies/public/bestplace,Geo-Analytical AI Platform for CPG Brands to Optimize Sales Force Efficiency and Product Mix.,Europe Russia
Predictive Wear,https://vault.alchemistaccelerator.com/companies/public/predictive-wear,Preventing Dehydration in Collegiate Athletes.,USA
"Tazi AI Systems, Inc.",https://vault.alchemistaccelerator.com/companies/public/tazi-ai-systems,"Agile, Understandable, Easy to Use and Continuous Learning AI for Business Decision Making.",USA
AutoCloud,https://vault.alchemistaccelerator.com/companies/public/autocloud,A Cloud Intelligence Platform,USA
"Impruver, Inc",https://vault.alchemistaccelerator.com/companies/public/impruver-technologies,SaaS Strategy Execution and Improvement Solution,USA
Seasony,https://vault.alchemistaccelerator.com/companies/public/seasony,Autonomous Mobile Robot for Vertical Farming.,Europe Denmark
Sensegrass Inc,https://vault.alchemistaccelerator.com/companies/public/sensegrass,Soil Intelligence Platform for Fertilizer Reduction and Chemical Analysis to Improve the Crop Production.,Europe France
Via.Delivery,https://vault.alchemistaccelerator.com/companies/public/via-delivery,"Via.Delivery is a ""Buy Online, Pick Up In-Store"" (BOPIS) logistics orchestration SaaS solution for D2C brands",USA
UVL Robotics,https://vault.alchemistaccelerator.com/companies/public/uvl-robotics,AI-driven autonomous logistics,USA
FotoNow,https://vault.alchemistaccelerator.com/companies/public/fotonow,AI-powered Solution that Automatically Tracks Parts and Faults and Informs the Worker to Make Corrections in Real Time. The next generation of visual quality automation.,Europe Germany
Kwali,https://vault.alchemistaccelerator.com/companies/public/kwali,Operations Software for Franchises and Quality Control Automation using AI/ML.,USA
PostureHealth,https://vault.alchemistaccelerator.com/companies/public/posturehealth,An ergonomic benefit for modern companies,USA
G-71 Inc.,https://vault.alchemistaccelerator.com/companies/public/g-71,Data leaks deterrence,USA
Rectify,https://vault.alchemistaccelerator.com/companies/public/rectify,"Automating Privacy with Secure Redaction. Rectify Offers an Automated, Secure Redaction Platform Organizations Can Use when Sharing Data Outside of their Organization",USA
Hopthru,https://vault.alchemistaccelerator.com/companies/public/hopthru,"Big Data Platform for Public Transit, Contextualizing Terabytes of Performance Data to Help Agencies Improve Service",USA
Tocca,https://vault.alchemistaccelerator.com/companies/public/tocca,Sales and Marketing Virtual Events for B2B Companies,USA
NDB,"https://www.alchemistaccelerator.com/Streamline%20Hiring%20-%20We%20Capture%20your%20Candidates%20Everywhere,%20our%20Friendly%20AI%20Does%20the%20Talking%20and%20Reducing%20your%20Hiring%20Costs%20by%2070%",Universal lifelong self-charging green battery,USA
HR Messenger,https://vault.alchemistaccelerator.com/companies/public/hr-messenger,"Streamline Hiring - We Capture your Candidates Everywhere, our Friendly AI Does the Talking and Reducing your Hiring Costs by 70%",USA
Botco.ai,https://vault.alchemistaccelerator.com/companies/public/botco-ai,Intelligent Chat Nurturing. We Help Businesses Convert More Customers through Immediate Responses.,USA
Mobiz,https://vault.alchemistaccelerator.com/companies/public/mobiz,An Industry-Leading Mobile Marketing Cloud that Connects Retailers with their Customers Remotely,South Africa
RubiLabs Inc,https://vault.alchemistaccelerator.com/companies/public/rubilabs,Technology Platform that Brings Essential Medical Products Directly from Manufacturers to the Doorstep of Hospitals and Pharmacies Across Africa,Nigeria
Node App,https://vault.alchemistaccelerator.com/companies/public/node-app,Marketplace that lets small businesses hire local influencers in their neighborhood.,Canada
Seventh.ai,https://vault.alchemistaccelerator.com/companies/public/seventh-ai,Seventh is a tech transfer CRM for life science.,USA
Anda Technologies,https://vault.alchemistaccelerator.com/companies/public/anda-technologies,"Don't Feel the Distance Between You and Your Children or Parents During the Day with Fully Configurable Mobile Calling & Messaging System, U.S. Patented Symbol Language, GPS Tracking Function, Fitness & Health Apps",Peru
Veamly,https://vault.alchemistaccelerator.com/companies/public/veamly,Developer Focused Unified Workspace Providing a Prioritized Feed of Conversations Across their Engineering Tools and Advocating for the Happier Life your Team Deserves,USA
Copilot,https://vault.alchemistaccelerator.com/companies/public/copilot,"Copilot is a voice-activated sales playbook. We empower reps to answer questions on a Zoom call by surfacing content, in real-time, based on conversational cues.",USA
Evolution Devices,https://vault.alchemistaccelerator.com/companies/public/evolution-devices,Offers Personalized Electrical Stimulation Therapy to Rehabilitate Walking,USA
Hubly Surgical,https://vault.alchemistaccelerator.com/companies/public/hubly-surgical,Fixing the 20% failure of the most common neurosurgery with a cranial and orthopedic platform tech drilling solution.,USA
BreachRx,https://vault.alchemistaccelerator.com/companies/public/breachrx,Dynamic Incident Readiness and Response Platform for Privacy Teams,USA
HyPoint,https://vault.alchemistaccelerator.com/companies/public/hypoint,The next generation of hydrogen fuel cell system with game-changing energy performance for air transport,USA
ClearQuote,https://vault.alchemistaccelerator.com/companies/public/clearquote,Simplifying Vehicle Inspections and Damage Assessment Using Computer Vision,India
Faucetworks,https://vault.alchemistaccelerator.com/companies/public/faucetworks,Building the Virtual Neurologist,USA
Materiall,https://vault.alchemistaccelerator.com/companies/public/materiall,Product Discovery for Omnichannel Retailers,USA
Spext,https://vault.alchemistaccelerator.com/companies/public/spext,"Looks Like a Text Editor but Makes it Easy to Edit, Search and Publish Audio",USA
Veeh,https://vault.alchemistaccelerator.com/companies/public/veeh,Market Network for Advertising through Local Businesses,USA
"Elton, Inc.",https://vault.alchemistaccelerator.com/companies/public/elton,"Automating repetitive back-office processes where human intervention should be the exception, not the norm.",USA
ALLO,https://vault.alchemistaccelerator.com/companies/public/beecanvas,"Whiteboard Collaboration Platform, Helping the Remote Team Get on the Same Page as if They‚Äôre Sitting Side by Side",USA
CameraOpus,https://vault.alchemistaccelerator.com/companies/public/cameraopus,Unlocking the 3D Economy by Making it Easy to Capture 3D Data with Your Smartphone or Tablet,USA
Harness,https://vault.alchemistaccelerator.com/companies/public/harness,Intelligence Platform for Advancing Innovation Communities,USA
INTI-TECH,https://vault.alchemistaccelerator.com/companies/public/inti-tech,Improves the Efficiency & Gives 15% Extra Revenues to Solar Plants,USA
Frontier Bio,https://vault.alchemistaccelerator.com/companies/public/frontier-bio,Advanced 3D Bioprinting for Printing Human Tissue,USA
FleetSimplify,https://vault.alchemistaccelerator.com/companies/public/fleetsimplify,Fleet Management Platform for Mobility as a Service,Kenya
Loop,https://vault.alchemistaccelerator.com/companies/public/loop,"A shared transport service for farmers to pick-up their produce, drop it off at the market and pay them back",India
Sonnet Labs,https://vault.alchemistaccelerator.com/companies/public/sonnet-labs,We Make a Wireless Device that Form Ad-Hoc Networks to Provide Connectivity when Existing Communication Infrastructure is Unavailable,Canada
Vedalabs,https://vault.alchemistaccelerator.com/companies/public/veda-labs,Helping Retailers Grow their Businesses with Real Time Consumer Insights,USA
Renovai,https://vault.alchemistaccelerator.com/companies/public/renovai,Virtual A.I. Based Interior Designer for Retailers,Israel
BrainHi,https://vault.alchemistaccelerator.com/companies/public/brainhi,Voicemail 2.0 for Local Businesses in LatAm,Puerto Rico
NachoNacho,https://vault.alchemistaccelerator.com/companies/public/nachonacho,Marketplace for SaaS. For Buyers (SMBs): Subscription management and purchase platform. For Sellers (SaaS vendors): reduced cost user acquisition channel.,USA
visitorX (formerly Perceive),https://vault.alchemistaccelerator.com/companies/public/visitorx-formerly-perceive,Splunk for video.,USA
Social Glass,https://vault.alchemistaccelerator.com/companies/public/social-glass,Government Marketplace for Small Purchases under $10K without Bids or Paperwork,USA
in3D,https://vault.alchemistaccelerator.com/companies/public/in3d,Effortless 3D Body Scanning with Smartphone,USA
DigiFabster,https://vault.alchemistaccelerator.com/companies/public/digifabster,ML-Powered Sales Quotes Automation Solution for Custom Manufacturing,USA
Leda Health,https://vault.alchemistaccelerator.com/companies/public/leda-health,"Sexual assault evidence collection kits designed for self-collection, expedited testing and fostering a community of support for sexual assault survivors.",USA
MALL IQ,https://vault.alchemistaccelerator.com/companies/public/mall-iq,"Physical & Digital Purchase Intent-Based Mobile Engagement Platform for Banking, Fintech & Loyalty Apps to increase Wallet-share and Revenue",USA
Vincere Health,https://vault.alchemistaccelerator.com/companies/public/vincere-health,Uses Data and Financial Incentives to Help People Quit Smoking and Get Healthier.,USA
Einsite,https://vault.alchemistaccelerator.com/companies/public/einsite,Machine Vision Analytics for Mining and Construction,USA
Coreshell Technologies,https://vault.alchemistaccelerator.com/companies/public/coreshell-technologies,The Missing Piece to the Next Generation of Advanced Batteries,USA
Onebrief,https://vault.alchemistaccelerator.com/companies/public/onebrief,Agile Military Planning ‚Äî a $33B/year DoD Operation,USA
Harmonize,https://vault.alchemistaccelerator.com/companies/public/harmonize,Chat-Based HR Platform with Hundreds of Customers,USA
Applied Particle Technology,https://vault.alchemistaccelerator.com/companies/public/applied-particle-technology,Keeping Workers Safe and Healthy in the Most Dangerous Industrial Environments,USA
Domatic,https://vault.alchemistaccelerator.com/companies/public/domatic,"Builder-Friendly Intelligent Power System for Smart, Healthy, Efficient, Sustainable Buildings",USA
Ipsum Analytics,https://vault.alchemistaccelerator.com/companies/public/ipsum-analytics,Using Big Data to Reduce Legal Uncertainty,USA
Perimeter,https://vault.alchemistaccelerator.com/companies/public/perimeter,"Perimeter brings real-time, collaborative data visualization to public safety.",USA
Aichemist Metal,https://vault.alchemistaccelerator.com/companies/public/aichemist-metal,"Makes Highest Strength, Thin-Film, Metal and Nanofiber Materials",USA
Delightree,https://vault.alchemistaccelerator.com/companies/public/delightree,AI-Based To-Do App for Deskless Employees in Franchises,USA
Acoustic Wells,https://vault.alchemistaccelerator.com/companies/public/acoustic-wells,Develops an IoT Solution for Oil Wells by Leveraging Novel Sensors that will Make Fieldwide Production Optimization a Reality,USA
Zapiens,https://vault.alchemistaccelerator.com/companies/public/zapiens,Improves Productivity Helping Employees to Learn and Have Access to Knowledge at Work,Europe Spain
i-5O,https://vault.alchemistaccelerator.com/companies/public/i-5o,Helps Manufacturers Measure and Improve their Manual Production Processes Using AI-Powered Vision Systems,USA
Methodology,https://vault.alchemistaccelerator.com/companies/public/methodology,"Direct-to-Consumer Online Store Delivering Premium, Nourishing Food to Busy People Who Care About Wellness.",USA
Cresance,https://vault.alchemistaccelerator.com/companies/public/cresance,Bringing AI to Cloud Efficiency,USA
Chowmill,https://vault.alchemistaccelerator.com/companies/public/chowmill,Solving Food Hassles for Enterprises,USA
Particle.One,https://vault.alchemistaccelerator.com/companies/public/particle-one,AI-Driven Commodity Market Insights,USA
Friendly Robots Company,https://vault.alchemistaccelerator.com/companies/public/friendly-robots-company,Autonomous Vacuum for the Janitorial Industry,USA
"Lead Tech, Inc",https://vault.alchemistaccelerator.com/companies/public/lead,"LEAD.bot introduces co-workers across teams, departments, and locations for various team-building initiatives across Microsoft Team & Slack.",USA
Moqups,https://vault.alchemistaccelerator.com/companies/public/moqups,All-in-one visual collaboration tool that helps Agile teams create better software requirements in real-time Emil Tamas ‚Äì CEO Cornel Cozar ‚Äì CFO/COO Dan Burzo ‚Äì Lead UI Architect Adrian Geana ‚Äì Lead UI Architect,Europe Romania
"CoolSo, Inc.",https://vault.alchemistaccelerator.com/companies/public/coolso,Wearable Muscle Gesture Control Device for Human: Computer Interactions in Industrial Use Cases and Beyond,USA
Blushup,https://vault.alchemistaccelerator.com/companies/public/blushup,AI retail technology helping beauty brands and retailers drive foot traffic through an online marketplace for in-store beauty services,USA
Celly.AI,https://vault.alchemistaccelerator.com/companies/public/celly-ai,iOS app for AI-Driven Lab Microscopy Automation,USA
Synapbox,https://vault.alchemistaccelerator.com/companies/public/synapbox,AI-Powered Content Testing,USA
Crelytics,https://vault.alchemistaccelerator.com/companies/public/crelytics,"AI Digital Lending Platform for Safer, Faster, Cheaper Loans",USA
testRigor,https://vault.alchemistaccelerator.com/companies/public/testrigor,Write automation in plain English,USA
Modality,https://vault.alchemistaccelerator.com/companies/public/modality,Optimizing Drug Trials through Multi-Modal AI,USA
Bridgefy,https://vault.alchemistaccelerator.com/companies/public/bridgefy,Software that Makes Mobile Apps Work Without Internet,Mexico
Pristƒìm,https://vault.alchemistaccelerator.com/companies/public/pristem,"Instantly clean clothes anytime, anywhere.",USA
Ontology,https://vault.alchemistaccelerator.com/companies/public/ontology,Online Medical Second Opinion Tool that Gives Easy Access to World-Class Specialists with the Click of a Button,USA
Gritwell,https://vault.alchemistaccelerator.com/companies/public/gritwell,"A subscription service to treat the root cause of chronic symptoms- focused on nutrition, lifestyle and environmental factors.",USA
Spectrum CannaLabs,https://vault.alchemistaccelerator.com/companies/public/spectrum-cannalabs,Protecting the Health and Safety of Cannabis Users by Providing the Only Pharmaceutical Grade Testing Solution for Cannabis Products,USA
"Yaydoo, Inc",https://vault.alchemistaccelerator.com/companies/public/yaydoo,Procure-to-Pay Automation Platform that Streamlines Business Purchasing Using AI-Powered SaaS and B2B Payment Tools,Mexico
Purcell,https://vault.alchemistaccelerator.com/companies/public/smart-bins,'Packaging at purchase' through simplified refill solutions.,USA
Bludot Technologies Inc.,https://vault.alchemistaccelerator.com/companies/public/bludot-technologies,Software Platform for Cities' Economic Development,USA
replex Inc.,https://vault.alchemistaccelerator.com/companies/public/replex,Replex is the only multi-cloud cost management and governance platform purpose built for cloud-native and microservices-based infrastructure.,USA
DinoPlusAI,https://vault.alchemistaccelerator.com/companies/public/dinoplusai,"Mission Critical AI Processor with LRS (Latency,Reliability, Security) beside CE (Computing power, Energy efficiency) for Servers and Autonomous Cars",USA
Bayware,https://vault.alchemistaccelerator.com/companies/public/bayware,"Application-Centric Software for Secure, Agile, Multi-Cloud Networking",USA
QPi Education,https://vault.alchemistaccelerator.com/companies/public/qpi-education,Teaching Tools that Help Non-Technical Educators Teach Computer Science,USA
PayBee,https://vault.alchemistaccelerator.com/companies/public/paybee,PayBee is SAAS for nonprofit fundraising. We automate most fundraising workflows to make it efficient for nonprofits and seamless for donors.,USA
Mechanica AI,https://vault.alchemistaccelerator.com/companies/public/mechanica-ai,Real-Time AI for Industrial Production,Europe Netherlands
Kyte | Get easier access to fewer cars,https://vault.alchemistaccelerator.com/companies/public/kyte-the-best-way-to-rent-a-car,"At Kyte, we‚Äôre committed to transforming the transportation experience. We believe in the power of personal mobility and having the freedom to access cars on-demand.",USA
SafetyTek Software,https://vault.alchemistaccelerator.com/companies/public/safetytek-software,"SafetyTek is a workplace safety engagement platform, built to enable construction companies to implement their company's safety program in an effectively by removing administrative burden.",Canada
Kapalya Inc.,https://vault.alchemistaccelerator.com/companies/public/kapalya,"Encryption Management Platform for unstructured data; Data Collaboration Platform Across Mobile, Endpoints, Public and Private Clouds",USA
SafeMode,https://vault.alchemistaccelerator.com/companies/public/safemode,"SafeMode developed the first Driver-Success platform called Driverz, transforming how transportation companies and drivers interact and perform.",USA
OpComm,https://vault.alchemistaccelerator.com/companies/public/opcomm,"Perioperative Microcollaboration and Workflow App. Team: Jacob Brandon, MD (Indiana University School of Medicine); Corbin Frye, MD (General Surgery Resident, Washington University School of Medicine)",USA
HPC Hub Inc.,https://vault.alchemistaccelerator.com/companies/public/hpc-hub,"Multi-Cloud HPCaaS Platform that Achieves Ideal Price/Performance Trade-offs through Optimal Hardware Configurations, Software Tuning and Workload Profiling",USA
Wisdom,https://vault.alchemistaccelerator.com/companies/public/wisdom,"Customer Experience Management platform (CXM) that's changing the way product teams explore, find, and fix broken customer experiences online. Wisdom uses ML to flag where users struggle, with a short video clip.",USA
RELAYTO document experience,https://vault.alchemistaccelerator.com/companies/public/relayto-document-experience,"Turn Static Marketing/Sales PDFs/Decks into Interactive Webpages. 1-Click Way to Get 12x Conversion + Engagement Analytics. Customers include: Accenture, Salesforce & PWC",USA
ChatCreate,https://vault.alchemistaccelerator.com/companies/public/chatcreate,Growing Mid-Market Ecommerce with Self-Setup Bots,Europe Estonia
Bobly Inc,https://vault.alchemistaccelerator.com/companies/public/bobly,**Bobly** captures in person feedback from customers while the experience is t...,USA
Operant Networks,https://vault.alchemistaccelerator.com/companies/public/operant-networks,Edge Communications Platform with Advanced Cybersecurity for Distributed Networks,USA
dumpling,https://vault.alchemistaccelerator.com/companies/public/dumpling,The business OS for gig,USA
"Nunetz, Inc.",https://vault.alchemistaccelerator.com/companies/public/nunetz,"Platform for collecting, visualizing, and analyzing big medical data",USA
Ejenta,https://vault.alchemistaccelerator.com/companies/public/ejenta,Applying NASA-licensed AI to remote health monitoring,USA
Laava Tech,https://vault.alchemistaccelerator.com/companies/public/laava-tech,Proprietary tech to decrease indoor farming lighting energy consumption by up to 90%,USA
Digify,https://vault.alchemistaccelerator.com/companies/public/digify,Document Security Made Simple,USA
Insera Health,https://vault.alchemistaccelerator.com/companies/public/insera-health,Insera Health is seeking to revolutionize the healthcare experience for patients...,USA
Bitesize,https://vault.alchemistaccelerator.com/companies/public/bitesize,Human augmentation platform for sales,USA
Gridline AI,https://vault.alchemistaccelerator.com/companies/public/gridline-ai,"AI-Powered platform to connect energy projects to financing companies, automating the financial due diligence processes.",USA
Autify,https://vault.alchemistaccelerator.com/companies/public/autify,Software QA automation powered by AI,USA
DeepBench,https://vault.alchemistaccelerator.com/companies/public/deepbench,Knowledge platform connecting experts with those who need them,USA
CruzFoam,https://vault.alchemistaccelerator.com/companies/public/cruzfoam,"Compostable styrofoam replacement from the ocean, for the ocean.",USA
Tangent.ai,https://vault.alchemistaccelerator.com/companies/public/tangent-ai,Enabling personalization for a cookie-less world.,USA
PenguinSmart Inc,https://vault.alchemistaccelerator.com/companies/public/penguinsmart,"Intelligent, Individualized Rehab Therapy for All",USA
Walrus Security,https://vault.alchemistaccelerator.com/companies/public/walrus-security,"Know Who You're Paying. Team: Michael Walfish (NYU CS Prof, PhD MIT, BA Harvard); Andrew Blumberg (UT Math Prof, PhD UChicago, BA Harvard, EFF Advisor); Max Howald (B.Eng Cooper Union)",USA
Foresight Mental Health,https://vault.alchemistaccelerator.com/companies/public/foresight-mental-health,Leveraging Technology to Revolutionize Mental Healthcare,USA
IoTrek Inc.,https://vault.alchemistaccelerator.com/companies/public/iotrek,Improving Operational Efficiency of Construction Job Sites by Leveraging Location & Movement Data of Workers and Equipment,USA
nCorium,https://vault.alchemistaccelerator.com/companies/public/ncorium,Increase data center RoI through memory storage technologies that deliver 5X mor...,USA
Redbird,https://vault.alchemistaccelerator.com/companies/public/redbird,"Redbird enables digital clinical trials and pharma R&D via real world evidence from convenient, decentralized health monitoring in emerging markets, starting with Africa.",Ghana
When Labs,https://vault.alchemistaccelerator.com/companies/public/when-labs,Transforming hourly work to be self managing,USA
Tag.bio,https://vault.alchemistaccelerator.com/companies/public/tag-bio,Tag.bio allows you to have a conversation with your data.,USA
Phoneic,https://vault.alchemistaccelerator.com/companies/public/phoneic,Mobile app that records and transcribes cell phone calls for field sales teams,USA
Birdnest Inc.,https://vault.alchemistaccelerator.com/companies/public/birdnest,Birdnest personalizes marketing touchpoints for residential real estate agents. ...,USA
"Hardin Scientific, Inc.",https://vault.alchemistaccelerator.com/companies/public/hardin-scientific,Hardin Scientific is at the forefront of technological advancement. We provid...,USA
Shuttle Technologies,https://vault.alchemistaccelerator.com/companies/public/shuttle-technologies,The fastest way to book a flight to space.,USA
Twizted Design,https://vault.alchemistaccelerator.com/companies/public/twizted-design,"Our vision is to revolutionize how OTT media is created, personalized and consum...",USA
"Dementia Prevention Systems, Inc.",https://vault.alchemistaccelerator.com/companies/public/dementia-prevention-systems,To promote and impact brain health for life.,USA
FirstCut Studio,https://vault.alchemistaccelerator.com/companies/public/firstcut-studio,Ai for video content creation,USA
LynxCare,https://vault.alchemistaccelerator.com/companies/public/lynxcare,LynxCare is an AI-powered Big Data platfrom in Healthcare. We built advanced NLP...,USA
Arkose Labs,https://vault.alchemistaccelerator.com/companies/public/arkose-labs,Arkose Labs solve multimillion-dollar fraud problems for the world‚Äôs most targeted businesses with zero friction to users.,USA
Spiio,https://vault.alchemistaccelerator.com/companies/public/spiio,Saving every drop of water with in-ground soil data.,USA
"ADIAN, inc",https://vault.alchemistaccelerator.com/companies/public/adian,SaaS Platform that Improves Agrochem's Supply Chain by Helping Manufacturers Trade in a More Efficient and Profitable Way with their Distributors and Farmers,USA
21Squared,https://vault.alchemistaccelerator.com/companies/public/21squared,Social Fashion Shopping Platform Where We Combine AI with User Generated Contents to Help Plus Size Women Shop,USA
ZaiNar,https://vault.alchemistaccelerator.com/companies/public/zainar,**ZaiNar: Real-Time Automatic Location Tracking ** **ZaiNar in brief: ** ZaiNa...,USA
GridRaster,https://vault.alchemistaccelerator.com/companies/public/gridraster,Built a Cloud-Based Platform for Powering High Quality AR/VR on Mobile Platforms,USA
TorchFi,https://vault.alchemistaccelerator.com/companies/public/wifi-waiter-torchfi,"Building partnership between hotels and local eateries. Team: Anup Balagopal (4th startup, 1 exit)",USA
Intensivate,https://vault.alchemistaccelerator.com/companies/public/intensivate,Processing technology designed for cloud based analytics and database workloads,USA
"Ondaka, Inc.",https://vault.alchemistaccelerator.com/companies/public/ondaka,Making Industrial Knowledge Accessible with Data-Rich 3D Models of Sites and Deep-Learning Driven Insights for Top-Line Growth and OPEX Improvement,USA
Ubiquios,https://vault.alchemistaccelerator.com/companies/public/ubiquios,"A Full Stack for IoT Edge Devices. Used by Qualcomm, Kyrio, and Catena. We Simplify the Development of IoT Devices Resulting in Lower Cost, Faster Time to Market, and Fully Featured Devices.",USA
Integry,https://vault.alchemistaccelerator.com/companies/public/integry,Put user-facing integrations inside your app,USA
Cattle Care,https://vault.alchemistaccelerator.com/companies/public/cattle-care,-,USA
Tika.ai,https://vault.alchemistaccelerator.com/companies/public/tika-ai,Your Daily Workflow Simplified,USA
Vorga,https://vault.alchemistaccelerator.com/companies/public/vorga,Vorga provides an AI-driven potency testing platform for cannabis farmers and ma...,USA
LightboxVR,https://vault.alchemistaccelerator.com/companies/public/lightboxvr,Automated 3D Scans of Products to Enable Next-Gen Retail Experiences,USA
Tarsier,https://vault.alchemistaccelerator.com/companies/public/tarsier,Drone detection for the masses.,USA
AitoeLabs,https://vault.alchemistaccelerator.com/companies/public/aitoelabs,We use Artificial Intelligence to help convert hours of security camera footage ...,USA
"4me, Inc",https://vault.alchemistaccelerator.com/companies/public/4me,"4me is a SaaS solution that combines ITSM with ESM and SIAM capabilities making it possible for all internal departments, such as IT, HR and Facilities, to work seamlessly with each other, as well as with MSPs.",USA
TERBINE,https://vault.alchemistaccelerator.com/companies/public/terbine,Terbine is the first wide-scale commercial exchange for IoT data.,USA
Zenith Aerospace,https://vault.alchemistaccelerator.com/companies/public/zenith-aerospace,Terbine is the first wide-scale commercial exchange for IoT data.,USA
Arrivy,https://vault.alchemistaccelerator.com/companies/public/arrivy,"Streamline Operations, Delight Customers",USA
NFWare,https://vault.alchemistaccelerator.com/companies/public/nfware,World's Fastest Network Virtualization,USA
Convey Software,https://vault.alchemistaccelerator.com/companies/public/convey-software,Sentiment Analysis Search Engine & Dashboard Supplementing Traditional Polling a...,USA
Acuity.AI,https://vault.alchemistaccelerator.com/companies/public/acuity-ai,AcuityAI identifies purchasable products from every video on the internet and make them directly shoppable.,USA
"Cognito Networks, Inc.",https://vault.alchemistaccelerator.com/companies/public/cognito-networks,"IoT Interoperability & App Framework for Enterprise Energy Mgmt that automates workflows, streamlines operations, & delivers 20-35% savings",USA
Ozonetel Systems,https://vault.alchemistaccelerator.com/companies/public/ozonetel-systems,Built for fast-growing businesses. Scalable Secure CCaaS. Go cloud. Go remote.,USA
Netifi,https://vault.alchemistaccelerator.com/companies/public/netifi,"Platform to enable businesses to create realtime web, mobile, and IoT experience...",USA
Carta Healthcare Inc.,https://vault.alchemistaccelerator.com/companies/public/carta-healthcare,Carta helps healthcare providers improve patient care using insights from the pa...,USA
BentoML,https://vault.alchemistaccelerator.com/companies/public/atalaya-dba-bentoml,Machine Learning Model Serving Made Easy,USA
Glidian,https://vault.alchemistaccelerator.com/companies/public/glidian,,USA
Back4app,https://vault.alchemistaccelerator.com/companies/public/back4app,Low-code backend to build modern apps.,USA
Quantum Insights,https://vault.alchemistaccelerator.com/companies/public/quantum-insights,QI's Dynamic Quantum Clustering (DQC) Solves the Problem of Finding Unexpected I...,
"Ceevra, Inc.",https://vault.alchemistaccelerator.com/companies/public/ceevra,Ceevra is a San Francisco Based Health Tech Startup. Our Cloud-Based Software Ap...,USA
Faber,https://vault.alchemistaccelerator.com/companies/public/faber,A Platform that Connects Contractors to Construction Workers.,Canada
Blitzz,https://vault.alchemistaccelerator.com/companies/public/blitzz,"A Video, AI and AR Powered Workflow Platform for Field Service Teams.",USA
Savion Aerospace,https://vault.alchemistaccelerator.com/companies/public/savion-aerospace,Savion's mission is to introduce cleaner energy into aviation by creating aircra...,USA
Sparkflows.io,https://vault.alchemistaccelerator.com/companies/public/sparkflows-io,Self Serve Enterprise AI,USA
Everykey,https://vault.alchemistaccelerator.com/companies/public/everykey,"No more Passwords, No more Keys",USA
Authenticiti,https://vault.alchemistaccelerator.com/companies/public/authenticiti,Authenticiti is an application framework for enterprise deployments of Ethereum ...,USA
Snapwire Media Inc.,https://vault.alchemistaccelerator.com/companies/public/snapwire-media,Snapwire connects a new generation of photographers with businesses and brands t...,USA
Mo-Data,https://vault.alchemistaccelerator.com/companies/public/mo-data,AI Driven Sales Management Platform for High Velocity SMB/E B2B Sales Teams.,USA
Mycrophone,https://vault.alchemistaccelerator.com/companies/public/mycrophone,Low Latency Audio Platform that Turns Mobile Devices into Wireless Microphones. ...,
Groove Technologies,https://vault.alchemistaccelerator.com/companies/public/groove-technologies,Talent Marketing Platform Designed to Help Enterprise Companies Source Talent from Facebook,
Parabol,https://vault.alchemistaccelerator.com/companies/public/parabol,"Team insights from productivity data, not surveys",USA
SalesRep.ai,https://vault.alchemistaccelerator.com/companies/public/salesrep-ai,We help companies nurture and follow up with their leads more effectively throug...,USA
Wivity Inc.,https://vault.alchemistaccelerator.com/companies/public/wivity,Wivity's Standards DAO governance framework is the missing piece to bringing Web3 to trillion-dollar industries,USA
Aatonomy,https://vault.alchemistaccelerator.com/companies/public/aatonomy,Transforming Houston into the world‚Äôs first ‚Äòself-driving city‚Äô by enabling autonomous driving that relies entirely on in-place infrastructure instead of on-board sensors.,
MeetingSift,https://vault.alchemistaccelerator.com/companies/public/meetingsift,Meeting collaboration platform,
Amber Agriculture,https://vault.alchemistaccelerator.com/companies/public/amber-agriculture,Amber Agriculture uses sensing and analytics to help farmers capture high market...,
"Edyza, Inc.",https://vault.alchemistaccelerator.com/companies/public/edyza,Edyza powers nervous systems for the physical world with our IoT-HD technologies.,USA
Stellic,https://vault.alchemistaccelerator.com/companies/public/stellic,College Experience Platform designed for today's students to organize their upco...,USA
Fuse Inventory,https://vault.alchemistaccelerator.com/companies/public/fuse-inventory,Powering the next generation of commere,USA
Enwoven,https://vault.alchemistaccelerator.com/companies/public/enwoven,Capture and share knowledge simply.,USA
Privacera,https://vault.alchemistaccelerator.com/companies/public/privacera,Privacera provides intelligent and integrated security and privacy tools for ent...,USA
Farmwise,https://vault.alchemistaccelerator.com/companies/public/farmwise,Data-driven services to empower farmers.,USA
Amper Technologies,https://vault.alchemistaccelerator.com/companies/public/amper-technologies,Amper provides factories with visibility to their operations by monitoring machi...,USA
Moesif,https://vault.alchemistaccelerator.com/companies/public/moesif,Build Better APIs with Moesif API Analytics,USA
Visage,https://vault.alchemistaccelerator.com/companies/public/visage,Automated candidate sourcing using AI & Crowdsourcing,USA
Plan,https://vault.alchemistaccelerator.com/companies/public/plan,Plan builds software that acts as the central brain of a company -- automating t...,USA
HotSwitch,https://vault.alchemistaccelerator.com/companies/public/hotswitch,Interactive TV as a service - Enterprise streaming SDK,USA
"Bloxable, Inc.",https://vault.alchemistaccelerator.com/companies/public/bloxable,Blockchain-powered smart-contracts solutions for the $2.5 trillion Securitizatio...,USA
Adenda,https://vault.alchemistaccelerator.com/companies/public/adenda,"Adenda uses AI to power next-generation push notifications that are full-page, i...",
"Remote Interview, Inc.",https://vault.alchemistaccelerator.com/companies/public/remote-interview,Online programming screening,
Shortlist,https://vault.alchemistaccelerator.com/companies/public/shortlist,Enterprise Freelancer Management Software,USA
SupplyAI,https://vault.alchemistaccelerator.com/companies/public/supplyai,"AI-Powered platform that helps retailers delivery great post purchase experience, efficiently",USA
CryptoMove,https://vault.alchemistaccelerator.com/companies/public/cryptomove,"CryptoMove is moving target defense for data, a fundamentally different approach...",
Jirav,https://vault.alchemistaccelerator.com/companies/public/jirav,Business financial planning & predictive analytics,
Pubinno,https://vault.alchemistaccelerator.com/companies/public/pubinno,The Future of Draft Beer,USA
Tallyfy,https://vault.alchemistaccelerator.com/companies/public/tallyfy,Never forget a task,USA
Cloudastructure,https://vault.alchemistaccelerator.com/companies/public/cloudastructure,Cloud-controlled infrastructure that enables centralized monitoring and user man...,
"Byte Foods, Inc.",https://vault.alchemistaccelerator.com/companies/public/byte-foods,,USA
Puloli,https://vault.alchemistaccelerator.com/companies/public/puloli,Private IoT Network-as-a-Service,USA
LeadIQ,https://vault.alchemistaccelerator.com/companies/public/leadiq,Provides sales prospecting & automation to help sales & marketing teams capture ...,USA
Kensu Inc,https://vault.alchemistaccelerator.com/companies/public/kensu,"Created DAM which is the First of its kind Governance, Compliance & Performance ...",USA
RankMyApp,https://vault.alchemistaccelerator.com/companies/public/rankmyapp,RankMyApp is the leader in app user acquisition in Latin America and is reinventing the contact center with technology and a marketplace of freelancers.,Brazil
Geospago Inc,https://vault.alchemistaccelerator.com/companies/public/geospago,Geospago is the New Relic for logistics operations. Exceptions cost $1.2T global...,USA
Flowcast Inc. / Tillful,https://vault.alchemistaccelerator.com/companies/public/flowcast,Tillful is rewiring business credit score to help SMEs build stronger business financial health and fulfill their full potential,USA
GoodTime.io,https://vault.alchemistaccelerator.com/companies/public/goodtime-io,Scheduling automation,USA
"Keewi, Inc.",https://vault.alchemistaccelerator.com/companies/public/keewi,"Start up sitting at the intersection of energy, AI, and IoT. Keewi's vision is...",USA
"Mobile Enerlytics, LLC",https://vault.alchemistaccelerator.com/companies/public/mobile-enerlytics,Don't Let Battery Drain Kill Your Mobile Business,USA
Evolute,https://vault.alchemistaccelerator.com/companies/public/evolute,We create enterprise software for Fortune 500 IT Managers to operate at the edge...,USA
"Resoltz, Inc.",https://vault.alchemistaccelerator.com/companies/public/resoltz,"Resoltz is a lifetime fitness companion app designed for universities, their stu...",
Doxel,https://vault.alchemistaccelerator.com/companies/public/doxel,Doxel is a predictive analytics solution for construction that uses automated su...,USA
Proxloop,https://vault.alchemistaccelerator.com/companies/public/proxloop,We empower retailers to create authentic relationships with customers in-store. ...,USA
YotaScale,https://vault.alchemistaccelerator.com/companies/public/yotascale,"YotaScale optimizes cloud infrastructure for enterprise, driving costs down whil...",USA
"Volans-i, Inc.",https://vault.alchemistaccelerator.com/companies/public/volans-i,Autonomous Aerial Delivery Solutions,USA
Sempre Health,https://vault.alchemistaccelerator.com/companies/public/sempre-health,"Bringing behavior-based, dynamic pricing to healthcare.",USA
Metadata,https://vault.alchemistaccelerator.com/companies/public/metadata,-,USA
FunnelBeam,https://vault.alchemistaccelerator.com/companies/public/funnelbeam,AI Driven Account Based Sales. Uses deep learning across 1B URLs and enterprise ...,USA
"RageOn, Inc.",https://vault.alchemistaccelerator.com/companies/public/rageon,Empowering the Creators of this World,USA
Amodo,https://vault.alchemistaccelerator.com/companies/public/amodo,Connected Insurance Client Platform.,USA
PalleTech,https://vault.alchemistaccelerator.com/companies/public/palletech,"PalleTech is digitizing transportation pallets to tackle cargo getting spoiled, ...",
Switch Automation,https://vault.alchemistaccelerator.com/companies/public/switch-automation,Enterprise Operations Platform For Portfolios Of Buildings. Connects Systems And Devices To Cloud Hosted Building Management System For Real-Time Monitoring And Controls.,USA
Wholemeaning (WM),https://vault.alchemistaccelerator.com/companies/public/wholemeaning-wm,Grow from conversations with your clients,USA
NanoVMs,https://vault.alchemistaccelerator.com/companies/public/nanovms,We are the only provider of Go unikernels eliminating the majority of security p...,
Zycada Networks,https://vault.alchemistaccelerator.com/companies/public/zycada-networks,Mobile apps network response time is dependent on a lot of factors. Our SDK free...,
Cleer Networks,https://vault.alchemistaccelerator.com/companies/public/cleer-networks,CLEER will enable the delivery of highly interactive digital media and applicati...,
Quantiply Corporation,https://vault.alchemistaccelerator.com/companies/public/quantiply,"Quantiply is the leader in enterprise performance management, offering a suite o...",
QC Ware,https://vault.alchemistaccelerator.com/companies/public/qc-ware,QC Ware is the leading quantum computing software startup. It is based in Palo A...,USA
Exabyte.io,https://vault.alchemistaccelerator.com/companies/public/exabyte-io,Enterprise software platform accelerating the development of new materials and chemicals through modeling and simulations.,USA
SensorHound,https://vault.alchemistaccelerator.com/companies/public/sensorhound,Industry's first vertical-agnostic operations monitoring solution that reduces o...,
Litmus Automation,https://vault.alchemistaccelerator.com/companies/public/litmus-automation,Intelligent Edge Computing for Industrial IoT,USA
Rigetti Quantum Computing,https://vault.alchemistaccelerator.com/companies/public/rigetti-quantum-computing,"General-Purpose, Commercial Quantum Supercomputing Systems.",USA
Datawallet,https://vault.alchemistaccelerator.com/companies/public/datawallet,[Datawallet](https://datawallet.com/) is the world‚Äôs leading blockchain based da...,USA
Positron Dynamics,https://vault.alchemistaccelerator.com/companies/public/positron-dynamics,Putting Antimatter to Work.,
mPharma,https://vault.alchemistaccelerator.com/companies/public/mpharma,Making health accessible and affordable to all Africans.,
Billo,https://vault.alchemistaccelerator.com/companies/public/billo,"Billo ‚Äì user-generated video platform, which helps brands to boost conversions with custom made Facebook Video Ads made by people who want their products.",Europe Lithuania
Carrum Health,https://vault.alchemistaccelerator.com/companies/public/carrum-health,Marketplace for planned healthcare procedures.,USA
LaunchDarkly,https://vault.alchemistaccelerator.com/companies/public/launchdarkly,Modern product management platform to manage and optimize software.,USA
nanoPay inc,https://vault.alchemistaccelerator.com/companies/public/nanopay,"Next generation payments platform for online and retail. Secure, fast and lower ...",
Cobalt,https://vault.alchemistaccelerator.com/companies/public/cobalt,Pen Testing as a Service (PTaaS).,USA
Scoro Software,https://vault.alchemistaccelerator.com/companies/public/scoro,"Scoro's end-to-end work management software helps professional service businesses streamline projects, automate quoting and billing, optimize utilization and much more.",Europe Estonia
MoEngage Inc.,https://vault.alchemistaccelerator.com/companies/public/moengage,Marketing Automation Platform pioneering user-level personalization and solving ...,
OneMob,https://vault.alchemistaccelerator.com/companies/public/onemob,"OneMob makes video recording (mobile, web and screen), sending and tracking easy...",USA
Zipline,https://vault.alchemistaccelerator.com/companies/public/zipline,SaaS solution that drives sales for national retailers by improving the actionab...,USA
Kugar Systems,https://vault.alchemistaccelerator.com/companies/public/kugar-systems,Highly versatile robotics platform providing solutions in manufacturing and mate...,
Groove,https://vault.alchemistaccelerator.com/companies/public/groove,,USA
3DPrinterOS,https://vault.alchemistaccelerator.com/companies/public/3dprinteros,3DPrinterOS has developed the world‚Äôs first operating system for desktop 3D Prin...,USA
Freedcamp,https://vault.alchemistaccelerator.com/companies/public/freedcamp,The standard tool for collaboration. Organize anything.,USA
Ladera Labs,https://vault.alchemistaccelerator.com/companies/public/ladera-labs,Industrial Internet-of-Things company focused on real-time telemetry solutions f...,USA
Oomnitza,https://vault.alchemistaccelerator.com/companies/public/oomnitza,Enterprise Asset Management solution focused on the emerging connected world to ...,USA
ShoppinPal / Fermyon,https://vault.alchemistaccelerator.com/companies/public/shoppinpal-fermyon,ShoppinPal - Integrations Platform for the SME Cloud,USA
Domos Labs,https://vault.alchemistaccelerator.com/companies/public/domos-labs,Cloud-based Software for WiFi Routers that Make Connected Home Technology Seamle...,
Matternet,https://vault.alchemistaccelerator.com/companies/public/matternet,UAV networks for the transportation of goods.,
BadgerMaps,https://vault.alchemistaccelerator.com/companies/public/badgermaps,Mobile software that helps sales people fit more meetings into their day while i...,
NeoReach,https://vault.alchemistaccelerator.com/companies/public/neoreach,Influencer Marketing Software,USA
rENIAC,https://vault.alchemistaccelerator.com/companies/public/reniac,Solve customer‚Äôs need for real-time analytics (FAST BIG DATA) by moving their cu...,
Sense.ly,https://vault.alchemistaccelerator.com/companies/public/sense-ly,Patient-frendly tool that helps clinicians better manage their chronically ill p...,USA
Thinnect,https://vault.alchemistaccelerator.com/companies/public/thinnect,Enabling Mist computing for IoT - eliminating configuration and deployment overh...,
Mixed Dimensions,https://vault.alchemistaccelerator.com/companies/public/mixed-dimensions,On-demand merchandising for in-game captures,USA
NextInput,https://vault.alchemistaccelerator.com/companies/public/nextinput,3D Touch Technology for next-generation User Interfaces.,
Placements.io,https://vault.alchemistaccelerator.com/companies/public/placements-io,Automating sales operations for digital publishers.,
PlayVox,https://vault.alchemistaccelerator.com/companies/public/playvox,Customer Service Quality Assurance Software,
Stratio,https://vault.alchemistaccelerator.com/companies/public/stratio,Infrared Made Accessible,
Restaurant Cheetah,https://vault.alchemistaccelerator.com/companies/public/restaurant-cheetah,Restaurant Food Supplier,USA
Xockets,https://vault.alchemistaccelerator.com/companies/public/xockets,"Licenses software and hardware designs producing scalable, faster, and future-pr...",USA
ActiveScaler,https://vault.alchemistaccelerator.com/companies/public/activescaler,Mobility Creates Opportunity,USA
