Link,Website
https://sosv.com/portfolio/simply-good-jars,http://simplygoodjars.com/
https://sosv.com/portfolio/halla,https://halla.io/
https://sosv.com/portfolio/true-made-foods,http://truemadefoods.com/
https://sosv.com/portfolio/freshspoke,http://freshspoke.com/
https://sosv.com/portfolio/uplift-food,http://www.upliftfood.com/
https://sosv.com/portfolio/bizzy-coffee,http://bizzycoffee.com/
https://sosv.com/portfolio/rambuhealth,https://rambuhealth.co/
https://sosv.com/portfolio/fieldcraft,http://fieldcraft.com/
https://sosv.com/portfolio/planetarians,http://planetarians.com/
https://sosv.com/portfolio/global-belly,https://globalbelly.com/
https://sosv.com/portfolio/re-nuble,http://www.re-nuble.com/
https://sosv.com/portfolio/bramble,http://bramblepets.com/
https://sosv.com/portfolio/foodcloud,http://foodcloud.in/
https://sosv.com/portfolio/servy,http://servyapp.com/
https://sosv.com/portfolio/wasteless,http://wasteless.co/
https://sosv.com/portfolio/abbots-butcher,https://abbotsbutcher.com/
https://sosv.com/portfolio/foodie-for-all,http://foodieforall.com/
https://sosv.com/portfolio/livekuna,http://livekunashop.com/
https://sosv.com/portfolio/mori,https://www.mori.com/
https://sosv.com/portfolio/eio-diagnostics,http://eiodiagnostics.com/
https://sosv.com/portfolio/entr,https://www.entrtechnologies.com/
https://sosv.com/portfolio/givn-goods,http://givnwater.com/
https://sosv.com/portfolio/ingest-ai,http://ingest.ai/
https://sosv.com/portfolio/kojo,http://kojojerky.com/
https://sosv.com/portfolio/millennia-tea,http://millenniatea.com/
https://sosv.com/portfolio/plasma-nutrition,http://plasmanutrition.com/
https://sosv.com/portfolio/tasting-collective,http://tastingcollective.com/
https://sosv.com/portfolio/abbys-better,http://abbysbetter.com/
https://sosv.com/portfolio/sweetie-pie-organics,http://sweetiepieorganics.com/
https://sosv.com/portfolio/freshsurety,http://freshsurety.com/
https://sosv.com/portfolio/hidden-gems-beverage-company,http://drinkreveal.com/
https://sosv.com/portfolio/milk-moovement,https://milkmoovement.com/
https://sosv.com/portfolio/living-food-company,http://livingfood.co/
https://sosv.com/portfolio/lula-inc,http://luladelivery.com/
https://sosv.com/portfolio/tinychef,https://www.tinychef.ai/
https://sosv.com/portfolio/tru-inc,http://drinktru.com/
https://sosv.com/portfolio/amp-your-good,http://ampyourgood.com/
https://sosv.com/portfolio/mushroom-cups,http://mushroomcups.com/
https://sosv.com/portfolio/booster-agtech,https://boosteragro.com/
https://sosv.com/portfolio/paragon-pure,http://paragonpure.com/
https://sosv.com/portfolio/bite,http://getabite.co/
https://sosv.com/portfolio/vaartani,http://vaartani.com/
https://sosv.com/portfolio/farma-genetics-inc,https://fyxxhealth.com/
https://sosv.com/portfolio/nature-preserve,http://naturepreserve.co/
https://sosv.com/portfolio/nonfood,http://www.eatnonfood.com/
https://sosv.com/portfolio/rxdiet,https://www.rx-diet.com/
