Company,"https://www.investopedia.com/terms/c/company.asp#:~:text=Key%20Takeaways-,A%20company%20is%20a%20legal%20entity%20formed%20by%20a%20group,proprietorship%2C%20or%20even%20a%20corporation."
Heal Security,https://www.linkedin.com/company/healsecurity
LighthouseAI,https://lighthouseai.com/
Scienta Lab,https://www.scientalab.com/
Autonomize AI,https://autonomize.ai/
Hema.to,https://www.hema.to/
New Lantern,https://newlantern.ai/
Upheal,https://www.upheal.io/
Co:Helm,https://www.co-helm.com/
Connective,"https://www.port.ac.uk/student-life/help-and-advice/study-skills/written-assignments/writing-flow-and-coherence#:~:text=Connective%20examples%3A,despite%20this%3B%20although..."
Deepeye,https://www.deepeye-medical.com/
Basys.ai,https://www.basys.ai/
Omniscope,https://www.omniscope.ai/
Cascade Health,https://www.cascadehealth.org/
AgentAI,https://www.agentai.ai/
Abstractive Health,https://www.abstractivehealth.com/
Kardi AI,https://en.kardi.ai/
Elixion Medical,https://elixionmedical.com/
Mito Health,https://mitohealth.com/
Huvy,https://www.instagram.com/huvysgallery/
Prophetic AI,https://propheticai.co/
Ovom Care,https://ovomcare.com/
Karman+,https://www.karmanplus.com/
SynMax,https://www.synmax.com/
OurSky,https://oursky.ai/
Vyoma GmbH,https://www.vyoma.space/
K2 Space,https://www.k2space.com/
SkyFi,https://www.skyfi.com/
Quindar,https://quindar.space/
Quasar Satellite Technologies,https://quasarsat.com/
Airmo,https://www.airmo.com/
Auriga Space,https://www.aurigaspace.com/
Atmos Space Cargo,https://atmos-space-cargo.com/
Proteus Space,https://www.proteus-space.com/
Amini,https://www.amini.com/
Antaris,https://www.antaris.space/
TRL11,https://www.trl11.com/
Continuum Space Systems,https://continuum-space.com/
Argo Space,https://www.argospace.com/
Starfighters Space,https://starfightersspace.com/
Orbital Matter,https://www.orbital-matter.com/
Ernest Energy,https://energyfuturesinitiative.org/team-members/ernest-j-moniz/
Brik,https://www.brik.co/
Kanopee,https://play.google.com/store/apps/details?id=com.sanpsy.kanopee&hl=en_US&gl=US
Trunk Tools,https://trunktools.com/
Skillit,https://skillit.com/
GreenLite Technologies,https://www.linkedin.com/company/greenlite-technologies
PermitFlow,https://www.permitflow.com/
Lumber,https://www.princelumber.com/
Asap.work,https://www.asap.work/
Planera,https://www.planera.io/
Construex,https://techcrunch.com/2023/11/27/construction-marketplace-construex-latin-america/
Bobyard,https://www.bobyard.com/
Cedar,https://www.cedar.com/
Renovate Robotics,https://www.renovaterobotics.com/
Ressio Software,https://www.ressiosoftware.com/
Concrete4Change,https://www.concrete4change.com/
Agave,https://en.wikipedia.org/wiki/Agave
Oculai,https://en.oculai.de/
CloudRig,https://www.cloudrigsoftware.com/
Latii,https://latii.com/
Carbonaide,https://carbonaide.com/
Minitrucks Robotics,https://www.linkedin.com/company/minitrucks-robotics
Perfect Panorama,https://www.booking.com/hotel/us/perfect-panorama-905a.html
Trunk,"https://www.cancer.gov/publications/dictionaries/cancer-terms/def/trunk#:~:text=The%20main%20part%20of%20the,Also%20called%20torso."
Dill,https://en.wikipedia.org/wiki/Dill
Comstruct,https://comstruct.com/en/
Cloover,https://cloover.co/
Opna,https://oklahoma.gov/odmhsas/prevention/schools/opna.html
Cavex,https://www.cavex.nl/?lang=en
Kita,https://www.kita.earth/
Suena,https://vistahigherlearning.com/store/suena-4th-edition.html
Renew Risk,https://renew-risk.com/
Sumday,https://www.sumday.com/login
Fingreen AI,http://fingreen.ai/
xAI,https://x.ai/
Liquid AI,https://www.liquid.ai/
Vectara,https://vectara.com/
Rhythms,"https://www.britannica.com/art/rhythm-music#:~:text=Rhythm%20is%20music's%20pattern%20in,melody%20cannot%20exist%20without%20rhythm."
Contextual AI,https://contextual.ai/
Ideogram,https://ideogram.ai/
Coram AI,https://www.coram.ai/
Haiper,https://haiper.ai/
Distributional,https://distributional.com/
LangChain,https://www.langchain.com/
Graft,"https://www.armfor.uscourts.gov/digest/IIIA66.htm#:~:text=(in%20graft%2C%20an%20intent%20improperly,in%20relation%20to%20public%20duties"
LastMile AI,https://lastmileai.dev/
Twelve Labs,https://twelvelabs.io/
Anysphere,https://anysphere.inc/
Hitloop,https://www.hitloop.it/
AirOps,https://www.airops.com/
Portrait Analytics,https://portrait-analytics.com/
Dust,"https://education.nationalgeographic.org/resource/dust/#:~:text=Dust%20is%20a%20collection%20of%20microscopic%20particles%20of%20material.,dirt%20or%20rock%2C%20including%20sand."
Gradient AI,https://www.gradientai.com/
VisionAI,https://www.visionai.co/
Prompt Security,https://www.prompt.security/
Wiro.ai,https://wiro.ai/
RagaAI Inc.,https://raga.ai/
Generative Engineering,https://generative.vision/
Gleen AI,https://gleen.ai/
Portkey AI,https://portkey.ai/
SuperStorm,https://en.wikipedia.org/wiki/Superstorm
Hudson AI,https://hudson-ai.com/
GoCharlie.AI,https://gocharlie.ai/
HeyMilo,https://www.heymilo.ai/
Writerly,https://www.writerly.ai/
Speechlab Inc.,https://www.speechlab.ai/
Bookend AI,https://bookend.ai/
Workhack,https://workhack.ai/
Wokelo AI,https://www.wokelo.ai/
