https://vault.alchemistaccelerator.com/companies/public/piedata-ai,https://torusadvisors.com/
https://vault.alchemistaccelerator.com/companies/public/torus,https://www.ag.tools/
https://vault.alchemistaccelerator.com/companies/public/agtools,https://www.illumo.ai/
https://vault.alchemistaccelerator.com/companies/public/illumo-robotics,http://ai-prosport.com/
https://vault.alchemistaccelerator.com/companies/public/ai-pro-sport,http://segmed.ai/
https://vault.alchemistaccelerator.com/companies/public/segmed,https://www.materiall.com/
https://vault.alchemistaccelerator.com/companies/public/materiall,http://www.operantnetworks.com/
https://vault.alchemistaccelerator.com/companies/public/operant-networks,https://www.unfurl.cloud/
https://vault.alchemistaccelerator.com/companies/public/onecommons,https://www.budeesolutions.com/
https://vault.alchemistaccelerator.com/companies/public/budee-solutions,https://atlas.red/
https://vault.alchemistaccelerator.com/companies/public/red-atlas,https://liqui.app/en
https://vault.alchemistaccelerator.com/companies/public/liqui,https://recoshelf.io/
https://vault.alchemistaccelerator.com/companies/public/recoshelf,https://about.ntapi.xyz/
https://vault.alchemistaccelerator.com/companies/public/ntapi,http://www.navigateio.com/
https://vault.alchemistaccelerator.com/companies/public/navigateio,https://faradaic.io/
https://vault.alchemistaccelerator.com/companies/public/faradaic-sensors,http://lynxai.tech/
https://vault.alchemistaccelerator.com/companies/public/rm-analytics,https://www.giveshop.app/
https://vault.alchemistaccelerator.com/companies/public/giveshop,http://mrnet.us/
https://vault.alchemistaccelerator.com/companies/public/motionray,https://firecell.io/
https://vault.alchemistaccelerator.com/companies/public/firecell,https://www.therocketbrew.com/
https://vault.alchemistaccelerator.com/companies/public/rocketbrew,https://joinedapp.com/
https://vault.alchemistaccelerator.com/companies/public/joinedapp,https://engagelively.com/
https://vault.alchemistaccelerator.com/companies/public/engagelively,https://var.energy/
https://vault.alchemistaccelerator.com/companies/public/var-energy,https://smartan.space/
https://vault.alchemistaccelerator.com/companies/public/smartan,https://xlight.us/
https://vault.alchemistaccelerator.com/companies/public/xlight,
https://vault.alchemistaccelerator.com/companies/public/protectedby-ai,https://www.aratar.tech/
https://vault.alchemistaccelerator.com/companies/public/aratar-technologies,https://asynos.com/
https://vault.alchemistaccelerator.com/companies/public/asynos,https://www.covisionquality.com/en
https://vault.alchemistaccelerator.com/companies/public/covision-quality,http://www.deriskly.com/
https://vault.alchemistaccelerator.com/companies/public/deriskly-limited,https://kanari.ai/
https://vault.alchemistaccelerator.com/companies/public/kanari-ai,https://www.wattsbattery.com/
https://vault.alchemistaccelerator.com/companies/public/watts-battery,https://www.seabirdapps.com/
https://vault.alchemistaccelerator.com/companies/public/seabird-apps,https://slingshotahead.com/
https://vault.alchemistaccelerator.com/companies/public/slingshot-ahead,http://ianua.us/
https://vault.alchemistaccelerator.com/companies/public/portals,https://www.tellustechnologies.org/
https://vault.alchemistaccelerator.com/companies/public/tellus-technologies,https://revire.in/
https://vault.alchemistaccelerator.com/companies/public/revire,http://www.wilab.io/
https://vault.alchemistaccelerator.com/companies/public/wilab,http://grandeur.dev/
https://vault.alchemistaccelerator.com/companies/public/grandeur-technologies,https://www.booke.ai/
https://vault.alchemistaccelerator.com/companies/public/booke-ai,https://jsight.io/
https://vault.alchemistaccelerator.com/companies/public/j-sight,https://werbot.com/
https://vault.alchemistaccelerator.com/companies/public/werbot,https://ecommerceinsights.ai/
https://vault.alchemistaccelerator.com/companies/public/ecommerceinsights-ai,https://qummy-group.com/
https://vault.alchemistaccelerator.com/companies/public/qummy,https://www.getpalbud.com/
https://vault.alchemistaccelerator.com/companies/public/products-for-any-lifestyle,https://en.longgood.com.tw/
https://vault.alchemistaccelerator.com/companies/public/evago-medtech,https://www.creatify.art/
https://vault.alchemistaccelerator.com/companies/public/nftpay,https://www.embermed.com/
https://vault.alchemistaccelerator.com/companies/public/ember-medical,https://copyrightdelta.com/
https://vault.alchemistaccelerator.com/companies/public/copyright-delta,https://www.fixtender.com/
https://vault.alchemistaccelerator.com/companies/public/fixtender,https://tensorfield.ag/
https://vault.alchemistaccelerator.com/companies/public/tensorfield-agriculture,https://www.arcturus.io/
https://vault.alchemistaccelerator.com/companies/public/arcturus,https://esperbionics.com/
https://vault.alchemistaccelerator.com/companies/public/esper,https://www.ontrack-rehab.com/
https://vault.alchemistaccelerator.com/companies/public/ontrack-rehab,https://www.knowron.com/
https://vault.alchemistaccelerator.com/companies/public/knowron,https://www.getbright.app/
https://vault.alchemistaccelerator.com/companies/public/the-bright-app,https://11sight.com/
https://vault.alchemistaccelerator.com/companies/public/11sight,https://qvalon.com/
https://vault.alchemistaccelerator.com/companies/public/qvalon,https://www.altcomm.co/
https://vault.alchemistaccelerator.com/companies/public/altcomm,http://mymoodbit.com/
https://vault.alchemistaccelerator.com/companies/public/moodbit,https://gocharlie.ai/
https://vault.alchemistaccelerator.com/companies/public/gaudium-ai,https://www.simularge.com/
https://vault.alchemistaccelerator.com/companies/public/simularge,https://speechki.io/
https://vault.alchemistaccelerator.com/companies/public/speechki,https://www.engflow.com/
https://vault.alchemistaccelerator.com/companies/public/engflow,https://exovibe.com/
https://vault.alchemistaccelerator.com/companies/public/exovibe,http://www.freightify.com/
https://vault.alchemistaccelerator.com/companies/public/freightify,https://www.direktiv.io/
https://vault.alchemistaccelerator.com/companies/public/direktiv,http://www.navvisa.com/
https://vault.alchemistaccelerator.com/companies/public/my-health-concierge,https://geecko.com/
https://vault.alchemistaccelerator.com/companies/public/geecko,http://www.ahuraai.com/
https://vault.alchemistaccelerator.com/companies/public/ahura-ai,https://www.growfitter.com/reward
https://vault.alchemistaccelerator.com/companies/public/growfitter,http://neuronix.ai/
https://vault.alchemistaccelerator.com/companies/public/neuronix-ai-labs,https://eunimart.com/
https://vault.alchemistaccelerator.com/companies/public/eunimart-crossborder-pte,https://www.asobu.gg/
https://vault.alchemistaccelerator.com/companies/public/sif-homes,http://www.chatalytic.com/
https://vault.alchemistaccelerator.com/companies/public/chatalytic,https://stargazr.ai/
https://vault.alchemistaccelerator.com/companies/public/stargazr,https://antmedia.io/
https://vault.alchemistaccelerator.com/companies/public/ant-media,https://www.laundris.com/
https://vault.alchemistaccelerator.com/companies/public/laundris,https://www.bitreel.com/
https://vault.alchemistaccelerator.com/companies/public/bitreel,https://www.inpiperobot.com/
https://vault.alchemistaccelerator.com/companies/public/in-pipe-robot,http://www.vipficated.com/
https://vault.alchemistaccelerator.com/companies/public/vipficated,https://metabob.com/
https://vault.alchemistaccelerator.com/companies/public/metabob,https://www.discoverbloom.io/
https://vault.alchemistaccelerator.com/companies/public/bloom-behaviours,https://measurecare.com/
https://vault.alchemistaccelerator.com/companies/public/measurecare,https://www.eve-mobility.io/
https://vault.alchemistaccelerator.com/companies/public/eve,https://inannafertility.com/
https://vault.alchemistaccelerator.com/companies/public/inanna-ag,http://www.siro.ai/
https://vault.alchemistaccelerator.com/companies/public/siro-ai,https://www.delightrewards.com/
https://vault.alchemistaccelerator.com/companies/public/delight,https://www.rebolet.com/
https://vault.alchemistaccelerator.com/companies/public/rebolet-ag,http://www.ecosync.energy/
https://vault.alchemistaccelerator.com/companies/public/ecosync,https://www.raxeltelematics.com/
https://vault.alchemistaccelerator.com/companies/public/raxel-telematics,https://www.vardo.co/home
https://vault.alchemistaccelerator.com/companies/public/vardo,https://smalltalk2.me/
https://vault.alchemistaccelerator.com/companies/public/smalltalk,https://bigomics.ch/
https://vault.alchemistaccelerator.com/companies/public/bigomics-analytics,https://bestplace.ai/
https://vault.alchemistaccelerator.com/companies/public/bestplace,https://predictivewear.com/
https://vault.alchemistaccelerator.com/companies/public/predictive-wear,https://www.tazi.ai/
https://vault.alchemistaccelerator.com/companies/public/tazi-ai-systems,https://www.autocloud.dev/
https://vault.alchemistaccelerator.com/companies/public/autocloud,https://impruver.com/
https://vault.alchemistaccelerator.com/companies/public/impruver-technologies,https://www.seasony.io/
https://vault.alchemistaccelerator.com/companies/public/seasony,https://www.sensegrass.com/
https://vault.alchemistaccelerator.com/companies/public/sensegrass,https://via.delivery/
https://vault.alchemistaccelerator.com/companies/public/via-delivery,https://www.uvl.io/
https://vault.alchemistaccelerator.com/companies/public/uvl-robotics,http://fotonow.ai/
https://vault.alchemistaccelerator.com/companies/public/fotonow,https://www.kwali.ai/
https://vault.alchemistaccelerator.com/companies/public/kwali,https://theposturehealth.com/
https://vault.alchemistaccelerator.com/companies/public/posturehealth,https://www.g-71.com/
https://vault.alchemistaccelerator.com/companies/public/g-71,https://www.rectifydata.com/
https://vault.alchemistaccelerator.com/companies/public/rectify,https://www.hopthru.com/
https://vault.alchemistaccelerator.com/companies/public/hopthru,https://tocca.io/
https://vault.alchemistaccelerator.com/companies/public/tocca,
"https://www.alchemistaccelerator.com/Streamline%20Hiring%20-%20We%20Capture%20your%20Candidates%20Everywhere,%20our%20Friendly%20AI%20Does%20the%20Talking%20and%20Reducing%20your%20Hiring%20Costs%20by%2070%",https://hrmessenger.com/en
https://vault.alchemistaccelerator.com/companies/public/hr-messenger,http://botco.ai/
https://vault.alchemistaccelerator.com/companies/public/botco-ai,https://www.mobiz.co/
https://vault.alchemistaccelerator.com/companies/public/mobiz,https://www.rubilabslogistics.com/
https://vault.alchemistaccelerator.com/companies/public/rubilabs,https://node-app.com/
https://vault.alchemistaccelerator.com/companies/public/node-app,https://www.seventh.ai/
https://vault.alchemistaccelerator.com/companies/public/seventh-ai,http://www.anda.pe/
https://vault.alchemistaccelerator.com/companies/public/anda-technologies,https://www.veamly.com/
https://vault.alchemistaccelerator.com/companies/public/veamly,https://copilotup.com/
https://vault.alchemistaccelerator.com/companies/public/copilot,https://www.evolutiondevices.com/
https://vault.alchemistaccelerator.com/companies/public/evolution-devices,https://hublysurgical.com/
https://vault.alchemistaccelerator.com/companies/public/hubly-surgical,https://www.breachrx.com/
https://vault.alchemistaccelerator.com/companies/public/breachrx,http://hypoint.com/
https://vault.alchemistaccelerator.com/companies/public/hypoint,https://clearquote.io/
https://vault.alchemistaccelerator.com/companies/public/clearquote,http://faucet.works/
https://vault.alchemistaccelerator.com/companies/public/faucetworks,https://www.materiall.com/
https://vault.alchemistaccelerator.com/companies/public/materiall,https://www.spext.co/
https://vault.alchemistaccelerator.com/companies/public/spext,https://www.veeh.co/
https://vault.alchemistaccelerator.com/companies/public/veeh,http://www.eltonai.com/
https://vault.alchemistaccelerator.com/companies/public/elton,https://allo.io/
https://vault.alchemistaccelerator.com/companies/public/beecanvas,https://cameraopus.com/
https://vault.alchemistaccelerator.com/companies/public/cameraopus,http://joinharness.com/
https://vault.alchemistaccelerator.com/companies/public/harness,https://www.inti-tech.com/
https://vault.alchemistaccelerator.com/companies/public/inti-tech,https://www.frontierbio.com/
https://vault.alchemistaccelerator.com/companies/public/frontier-bio,http://www.fleetsimplify.com/
https://vault.alchemistaccelerator.com/companies/public/fleetsimplify,http://getloopapp.com/
https://vault.alchemistaccelerator.com/companies/public/loop,https://www.sonnetlabs.com/
https://vault.alchemistaccelerator.com/companies/public/sonnet-labs,http://www.mcorio.com/
https://vault.alchemistaccelerator.com/companies/public/veda-labs,http://renovai.com/
https://vault.alchemistaccelerator.com/companies/public/renovai,http://brainhi.com/
https://vault.alchemistaccelerator.com/companies/public/brainhi,https://nachonacho.com/
https://vault.alchemistaccelerator.com/companies/public/nachonacho,https://www.visitorx.com/
https://vault.alchemistaccelerator.com/companies/public/visitorx-formerly-perceive,https://www.social.glass/
https://vault.alchemistaccelerator.com/companies/public/social-glass,https://in3d.io/
https://vault.alchemistaccelerator.com/companies/public/in3d,http://digifabster.com/
https://vault.alchemistaccelerator.com/companies/public/digifabster,https://www.leda.co/
https://vault.alchemistaccelerator.com/companies/public/leda-health,http://www.malliq.com/
https://vault.alchemistaccelerator.com/companies/public/mall-iq,https://www.vincere.health/
https://vault.alchemistaccelerator.com/companies/public/vincere-health,http://einsite.com/
https://vault.alchemistaccelerator.com/companies/public/einsite,https://www.coreshelltech.com/
https://vault.alchemistaccelerator.com/companies/public/coreshell-technologies,https://onebrief.com/
https://vault.alchemistaccelerator.com/companies/public/onebrief,http://www.harmonizehq.com/
https://vault.alchemistaccelerator.com/companies/public/harmonize,http://www.appliedparticletechnology.com/
https://vault.alchemistaccelerator.com/companies/public/applied-particle-technology,https://domatic.io/
https://vault.alchemistaccelerator.com/companies/public/domatic,https://www.ipsum.law/
https://vault.alchemistaccelerator.com/companies/public/ipsum-analytics,http://fireperimeter.com/
https://vault.alchemistaccelerator.com/companies/public/perimeter,https://www.aichemistmetal.com/
https://vault.alchemistaccelerator.com/companies/public/aichemist-metal,https://www.delightree.com/
https://vault.alchemistaccelerator.com/companies/public/delightree,https://www.acousticsystem.io/
https://vault.alchemistaccelerator.com/companies/public/acoustic-wells,https://zapiens.ai/en/
https://vault.alchemistaccelerator.com/companies/public/zapiens,https://ifiveo.com/
https://vault.alchemistaccelerator.com/companies/public/i-5o,https://www.gomethodology.com/
https://vault.alchemistaccelerator.com/companies/public/methodology,http://www.cresance.com/
https://vault.alchemistaccelerator.com/companies/public/cresance,https://chowmill.com/
https://vault.alchemistaccelerator.com/companies/public/chowmill,http://particle.one/
https://vault.alchemistaccelerator.com/companies/public/particle-one,https://www.friendlyrobots.co/
https://vault.alchemistaccelerator.com/companies/public/friendly-robots-company,https://www.lead.app/
https://vault.alchemistaccelerator.com/companies/public/lead,https://moqups.com/
https://vault.alchemistaccelerator.com/companies/public/moqups,http://www.coolsotech.com/
https://vault.alchemistaccelerator.com/companies/public/coolso,https://www.blushup.com/
https://vault.alchemistaccelerator.com/companies/public/blushup,https://celly.ai/
https://vault.alchemistaccelerator.com/companies/public/celly-ai,https://synapbox.com/
https://vault.alchemistaccelerator.com/companies/public/synapbox,https://crelytics.io/
https://vault.alchemistaccelerator.com/companies/public/crelytics,https://testrigor.com/
https://vault.alchemistaccelerator.com/companies/public/testrigor,http://hello.modality.ai/
https://vault.alchemistaccelerator.com/companies/public/modality,https://www.bridgefy.me/
https://vault.alchemistaccelerator.com/companies/public/bridgefy,https://getpristem.com/
https://vault.alchemistaccelerator.com/companies/public/pristem,https://everalabs.com/
https://vault.alchemistaccelerator.com/companies/public/ontology,https://www.grit-well.com/
https://vault.alchemistaccelerator.com/companies/public/gritwell,http://www.spectrumcl.com/
https://vault.alchemistaccelerator.com/companies/public/spectrum-cannalabs,https://yaydoo.com/
https://vault.alchemistaccelerator.com/companies/public/yaydoo,https://www.purcell.eco/
https://vault.alchemistaccelerator.com/companies/public/smart-bins,https://bludot.io/
https://vault.alchemistaccelerator.com/companies/public/bludot-technologies,https://www.replex.io/
https://vault.alchemistaccelerator.com/companies/public/replex,http://www.dinoplus.ai/
https://vault.alchemistaccelerator.com/companies/public/dinoplusai,https://www.bayware.io/
https://vault.alchemistaccelerator.com/companies/public/bayware,https://qpieducation.com/
https://vault.alchemistaccelerator.com/companies/public/qpi-education,https://paybee.io/
https://vault.alchemistaccelerator.com/companies/public/paybee,http://mechanica.ai/
https://vault.alchemistaccelerator.com/companies/public/mechanica-ai,https://drivekyte.com/
https://vault.alchemistaccelerator.com/companies/public/kyte-the-best-way-to-rent-a-car,https://safeyteksoftware.com/
https://vault.alchemistaccelerator.com/companies/public/safetytek-software,https://kapalya.com/
https://vault.alchemistaccelerator.com/companies/public/kapalya,http://safemode.co/
https://vault.alchemistaccelerator.com/companies/public/safemode,
https://vault.alchemistaccelerator.com/companies/public/opcomm,http://hpchub.net/
https://vault.alchemistaccelerator.com/companies/public/hpc-hub,https://getwisdom.io/
https://vault.alchemistaccelerator.com/companies/public/wisdom,
https://vault.alchemistaccelerator.com/companies/public/relayto-document-experience,https://chatcreate.com/
https://vault.alchemistaccelerator.com/companies/public/chatcreate,http://bobly.com/
https://vault.alchemistaccelerator.com/companies/public/bobly,http://www.operantnetworks.com/
https://vault.alchemistaccelerator.com/companies/public/operant-networks,https://dumpling.us/
https://vault.alchemistaccelerator.com/companies/public/dumpling,http://nunetz.io/
https://vault.alchemistaccelerator.com/companies/public/nunetz,http://ejenta.com/
https://vault.alchemistaccelerator.com/companies/public/ejenta,https://laavatech.com/
https://vault.alchemistaccelerator.com/companies/public/laava-tech,https://digify.com/
https://vault.alchemistaccelerator.com/companies/public/digify,
https://vault.alchemistaccelerator.com/companies/public/insera-health,https://bitesize.co/
https://vault.alchemistaccelerator.com/companies/public/bitesize,https://gridline.ai/
https://vault.alchemistaccelerator.com/companies/public/gridline-ai,https://autify.com/
https://vault.alchemistaccelerator.com/companies/public/autify,http://deepbench.io/
https://vault.alchemistaccelerator.com/companies/public/deepbench,https://www.cruzfoam.com/
https://vault.alchemistaccelerator.com/companies/public/cruzfoam,http://www.tangent.ai/
https://vault.alchemistaccelerator.com/companies/public/tangent-ai,https://www.mypenguinsmart.com/
https://vault.alchemistaccelerator.com/companies/public/penguinsmart,https://walrus.nyc/
https://vault.alchemistaccelerator.com/companies/public/walrus-security,https://www.foresightmentalhealth.com/
https://vault.alchemistaccelerator.com/companies/public/foresight-mental-health,https://www.iotrek.io/
https://vault.alchemistaccelerator.com/companies/public/iotrek,http://www.ncorium.com/
https://vault.alchemistaccelerator.com/companies/public/ncorium,https://www.redbird.co/
https://vault.alchemistaccelerator.com/companies/public/redbird,http://whenlabs.com/
https://vault.alchemistaccelerator.com/companies/public/when-labs,https://tag.bio/
https://vault.alchemistaccelerator.com/companies/public/tag-bio,https://productive.app/
https://vault.alchemistaccelerator.com/companies/public/phoneic,https://www.thebirdnest.co/
https://vault.alchemistaccelerator.com/companies/public/birdnest,https://www.hardinscientific.com/
https://vault.alchemistaccelerator.com/companies/public/hardin-scientific,http://www.shuttle.io/
https://vault.alchemistaccelerator.com/companies/public/shuttle-technologies,http://www.twizted-design.com/
https://vault.alchemistaccelerator.com/companies/public/twizted-design,https://www.smartbrainaging.com/
https://vault.alchemistaccelerator.com/companies/public/dementia-prevention-systems,https://beta.firstcut.io/
https://vault.alchemistaccelerator.com/companies/public/firstcut-studio,https://www.lynx.care/
https://vault.alchemistaccelerator.com/companies/public/lynxcare,https://www.arkoselabs.com/
https://vault.alchemistaccelerator.com/companies/public/arkose-labs,https://spiio.com/
https://vault.alchemistaccelerator.com/companies/public/spiio,http://www.goadian.com/
https://vault.alchemistaccelerator.com/companies/public/adian,https://21squared.com/
https://vault.alchemistaccelerator.com/companies/public/21squared,https://zainartech.com/
https://vault.alchemistaccelerator.com/companies/public/zainar,https://www.gridraster.com/
https://vault.alchemistaccelerator.com/companies/public/gridraster,https://www.torchfi.com/
https://vault.alchemistaccelerator.com/companies/public/wifi-waiter-torchfi,http://intensivate.com/
https://vault.alchemistaccelerator.com/companies/public/intensivate,http://ondaka.com/
https://vault.alchemistaccelerator.com/companies/public/ondaka,https://www.ubiquios.io/
https://vault.alchemistaccelerator.com/companies/public/ubiquios,https://integry.io/
https://vault.alchemistaccelerator.com/companies/public/integry,http://cattle-care.com/
https://vault.alchemistaccelerator.com/companies/public/cattle-care,https://www.tika.ai/
https://vault.alchemistaccelerator.com/companies/public/tika-ai,http://vorga.io/
https://vault.alchemistaccelerator.com/companies/public/vorga,https://www.lbxlabs.com/
https://vault.alchemistaccelerator.com/companies/public/lightboxvr,
https://vault.alchemistaccelerator.com/companies/public/tarsier,https://www.aitoelabs.com/
https://vault.alchemistaccelerator.com/companies/public/aitoelabs,https://www.4me.com/
https://vault.alchemistaccelerator.com/companies/public/4me,https://www.terbine.com/
https://vault.alchemistaccelerator.com/companies/public/terbine,
https://vault.alchemistaccelerator.com/companies/public/zenith-aerospace,https://www.arrivy.com/
https://vault.alchemistaccelerator.com/companies/public/arrivy,http://www.nfware.com/
https://vault.alchemistaccelerator.com/companies/public/nfware,https://www.convey.tech/
https://vault.alchemistaccelerator.com/companies/public/convey-software,https://www.acuityai.com/
https://vault.alchemistaccelerator.com/companies/public/acuity-ai,http://cognitonetworks.com/
https://vault.alchemistaccelerator.com/companies/public/cognito-networks,http://ozonetel.com/
https://vault.alchemistaccelerator.com/companies/public/ozonetel-systems,https://www.netifi.io/
https://vault.alchemistaccelerator.com/companies/public/netifi,http://carta.healthcare/
https://vault.alchemistaccelerator.com/companies/public/carta-healthcare,http://bentoml.ai/
https://vault.alchemistaccelerator.com/companies/public/atalaya-dba-bentoml,
https://vault.alchemistaccelerator.com/companies/public/glidian,https://www.back4app.com/
https://vault.alchemistaccelerator.com/companies/public/back4app,
https://vault.alchemistaccelerator.com/companies/public/quantum-insights,http://www.ceevra.com/
https://vault.alchemistaccelerator.com/companies/public/ceevra,https://www.faberconnect.com/
https://vault.alchemistaccelerator.com/companies/public/faber,https://www.blitzz.co/
https://vault.alchemistaccelerator.com/companies/public/blitzz,http://www.savionaerospace.com/
https://vault.alchemistaccelerator.com/companies/public/savion-aerospace,https://www.sparkflows.io/
https://vault.alchemistaccelerator.com/companies/public/sparkflows-io,https://everykey.com/
https://vault.alchemistaccelerator.com/companies/public/everykey,http://www.authenticiti.io/
https://vault.alchemistaccelerator.com/companies/public/authenticiti,https://snapwi.re/
https://vault.alchemistaccelerator.com/companies/public/snapwire-media,http://www.mo-data.com/
https://vault.alchemistaccelerator.com/companies/public/mo-data,
https://vault.alchemistaccelerator.com/companies/public/mycrophone,http://www.groovebrands.com/
https://vault.alchemistaccelerator.com/companies/public/groove-technologies,https://www.parabol.co/
https://vault.alchemistaccelerator.com/companies/public/parabol,http://salesrep.ai/
https://vault.alchemistaccelerator.com/companies/public/salesrep-ai,https://www.wivity.com/
https://vault.alchemistaccelerator.com/companies/public/wivity,http://www.aatonomy.com/
https://vault.alchemistaccelerator.com/companies/public/aatonomy,http://www.meetingsift.com/
https://vault.alchemistaccelerator.com/companies/public/meetingsift,https://www.amber.ag/
https://vault.alchemistaccelerator.com/companies/public/amber-agriculture,https://www.edyza.com/
https://vault.alchemistaccelerator.com/companies/public/edyza,http://www.stellic.com/
https://vault.alchemistaccelerator.com/companies/public/stellic,http://fuseinventory.com/
https://vault.alchemistaccelerator.com/companies/public/fuse-inventory,http://enwoven.com/
https://vault.alchemistaccelerator.com/companies/public/enwoven,http://www.privacera.com/
https://vault.alchemistaccelerator.com/companies/public/privacera,http://farmwiselabs.com/
https://vault.alchemistaccelerator.com/companies/public/farmwise,http://www.amper.xyz/
https://vault.alchemistaccelerator.com/companies/public/amper-technologies,http://www.moesif.com/
https://vault.alchemistaccelerator.com/companies/public/moesif,http://www.visage.jobs/
https://vault.alchemistaccelerator.com/companies/public/visage,http://getplan.co/
https://vault.alchemistaccelerator.com/companies/public/plan,http://www.hotswitch.com/
https://vault.alchemistaccelerator.com/companies/public/hotswitch,http://bloxable.com/
https://vault.alchemistaccelerator.com/companies/public/bloxable,http://www.adendamedia.com/
https://vault.alchemistaccelerator.com/companies/public/adenda,https://remoteinterview.io/
https://vault.alchemistaccelerator.com/companies/public/remote-interview,https://www.shortlist.co/
https://vault.alchemistaccelerator.com/companies/public/shortlist,http://www.supply.ai/
https://vault.alchemistaccelerator.com/companies/public/supplyai,http://www.trycryptomove.com/
https://vault.alchemistaccelerator.com/companies/public/cryptomove,http://www.jirav.com/
https://vault.alchemistaccelerator.com/companies/public/jirav,http://www.pubinno.com/
https://vault.alchemistaccelerator.com/companies/public/pubinno,https://tallyfy.com/
https://vault.alchemistaccelerator.com/companies/public/tallyfy,http://www.cloudastructure.com/
https://vault.alchemistaccelerator.com/companies/public/cloudastructure,https://www.bytefoods.co/
https://vault.alchemistaccelerator.com/companies/public/byte-foods,http://www.puloli.com/
https://vault.alchemistaccelerator.com/companies/public/puloli,
https://vault.alchemistaccelerator.com/companies/public/leadiq,http://www.kensu.io/
https://vault.alchemistaccelerator.com/companies/public/kensu,http://rankmyapp.com/
https://vault.alchemistaccelerator.com/companies/public/rankmyapp,https://geospago.com/
https://vault.alchemistaccelerator.com/companies/public/geospago,https://tillful.com/
https://vault.alchemistaccelerator.com/companies/public/flowcast,
https://vault.alchemistaccelerator.com/companies/public/goodtime-io,http://www.keewisolutions.com/
https://vault.alchemistaccelerator.com/companies/public/keewi,http://mobileenerlytics.com/
https://vault.alchemistaccelerator.com/companies/public/mobile-enerlytics,http://www.evolute.io/
https://vault.alchemistaccelerator.com/companies/public/evolute,http://www.resoltz.com/
https://vault.alchemistaccelerator.com/companies/public/resoltz,http://www.doxel.ai/
https://vault.alchemistaccelerator.com/companies/public/doxel,http://www.proxloop.com/
https://vault.alchemistaccelerator.com/companies/public/proxloop,
https://vault.alchemistaccelerator.com/companies/public/yotascale,http://www.flyvoly.com/
https://vault.alchemistaccelerator.com/companies/public/volans-i,https://www.semprehealth.com/
https://vault.alchemistaccelerator.com/companies/public/sempre-health,https://www.metadata.io/
https://vault.alchemistaccelerator.com/companies/public/metadata,
https://vault.alchemistaccelerator.com/companies/public/funnelbeam,https://www.rageon.com/
https://vault.alchemistaccelerator.com/companies/public/rageon,http://www.amodo.co/
https://vault.alchemistaccelerator.com/companies/public/amodo,http://www.palletech.co/
https://vault.alchemistaccelerator.com/companies/public/palletech,http://switchautomation.com/
https://vault.alchemistaccelerator.com/companies/public/switch-automation,http://www.wholemeaning.com/
https://vault.alchemistaccelerator.com/companies/public/wholemeaning-wm,https://nanovms.com/
https://vault.alchemistaccelerator.com/companies/public/nanovms,http://www.zycada.com/
https://vault.alchemistaccelerator.com/companies/public/zycada-networks,
https://vault.alchemistaccelerator.com/companies/public/cleer-networks,
https://vault.alchemistaccelerator.com/companies/public/quantiply,http://www.qcware.com/
https://vault.alchemistaccelerator.com/companies/public/qc-ware,http://exabyte.io/
https://vault.alchemistaccelerator.com/companies/public/exabyte-io,http://www.sensorhound.com/
https://vault.alchemistaccelerator.com/companies/public/sensorhound,http://litmus.io/
https://vault.alchemistaccelerator.com/companies/public/litmus-automation,http://www.rigetti.com/
https://vault.alchemistaccelerator.com/companies/public/rigetti-quantum-computing,https://www.datawallet.com/
https://vault.alchemistaccelerator.com/companies/public/datawallet,http://www.positrondynamics.com/
https://vault.alchemistaccelerator.com/companies/public/positron-dynamics,https://www.mpharma.com/
https://vault.alchemistaccelerator.com/companies/public/mpharma,https://billo.app/
https://vault.alchemistaccelerator.com/companies/public/billo,http://carrumhealth.com/
https://vault.alchemistaccelerator.com/companies/public/carrum-health,http://launchdarkly.com/
https://vault.alchemistaccelerator.com/companies/public/launchdarkly,http://www.nanopay.net/
https://vault.alchemistaccelerator.com/companies/public/nanopay,http://cobalt.io/
https://vault.alchemistaccelerator.com/companies/public/cobalt,http://www.scoro.com/
https://vault.alchemistaccelerator.com/companies/public/scoro,http://www.moengage.com/
https://vault.alchemistaccelerator.com/companies/public/moengage,https://www.onemob.com/
https://vault.alchemistaccelerator.com/companies/public/onemob,http://retailzipline.com/
https://vault.alchemistaccelerator.com/companies/public/zipline,https://www.kugar.com/
https://vault.alchemistaccelerator.com/companies/public/kugar-systems,
https://vault.alchemistaccelerator.com/companies/public/groove,http://www.3dprinteros.com/
https://vault.alchemistaccelerator.com/companies/public/3dprinteros,https://freedcamp.com/
https://vault.alchemistaccelerator.com/companies/public/freedcamp,http://www.laderalabs.com/
https://vault.alchemistaccelerator.com/companies/public/ladera-labs,https://www.oomnitza.com/
https://vault.alchemistaccelerator.com/companies/public/oomnitza,http://www.shoppinpal.com/
https://vault.alchemistaccelerator.com/companies/public/shoppinpal-fermyon,http://www.domos.no/
https://vault.alchemistaccelerator.com/companies/public/domos-labs,http://mttr.net/
https://vault.alchemistaccelerator.com/companies/public/matternet,https://www.badgermapping.com/
https://vault.alchemistaccelerator.com/companies/public/badgermaps,http://neoreach.com/
https://vault.alchemistaccelerator.com/companies/public/neoreach,http://www.reniac.com/#our-story-1
https://vault.alchemistaccelerator.com/companies/public/reniac,http://sense.ly/
https://vault.alchemistaccelerator.com/companies/public/sense-ly,http://thinnect.com/
https://vault.alchemistaccelerator.com/companies/public/thinnect,http://www.mixeddimensions.com/
https://vault.alchemistaccelerator.com/companies/public/mixed-dimensions,http://www.nextinput.com/
https://vault.alchemistaccelerator.com/companies/public/nextinput,http://placements.io/
https://vault.alchemistaccelerator.com/companies/public/placements-io,http://playvox.com/
https://vault.alchemistaccelerator.com/companies/public/playvox,http://stratiotechnology.com/
https://vault.alchemistaccelerator.com/companies/public/stratio,http://www.getsourcery.com/
https://vault.alchemistaccelerator.com/companies/public/restaurant-cheetah,http://www.xockets.com/
https://vault.alchemistaccelerator.com/companies/public/xockets,http://activescaler.com/
