https://atomdrinksgroup.com/,
https://banqu.co/,
https://www.zx-ventures.com/banqu-raises-series-a-extension-round-from-zx-ventures-ab-inbev-to-continue-its-geographic-expansion-and-product-development-in-the-supply-chain-transparency-traceability-space-for-global-brands/,
https://www.beerhawk.co.uk/,
https://biobrew.com,
https://www.zx-ventures.com/zx-ventures-partners-with-clara-foods-to-unlock-precision-fermentations-potential-to-meet-global-food-challenges/,
https://www.blackcrowngnt.com/,
https://gocatalant.com,
https://www.cutwaterspirits.co.uk,
https://evergrainingredients.com/,
https://www.zx-ventures.com/evergrain-introduces-sustainable-and-innovative-plant-based-barley-ingredients/,
https://www.flyingfishseltzer.co.za/,
https://www.ghostlifestyle.com/pages/ghost-energy,
https://www.ginettebars.com/,
https://www.gooseisland.com/,
https://www.facebook.com/HocusPocusDNA/,
https://www.interdrinks.fr/,
https://https://www.emporiodacerveja.com.br/isla,
https://https://jamaicarumvibes.com/,
https://https://www.konabr.com.br/,
https://www.linkedin.com/company/leaflogistics,
https://https://www.lohnbier.com.br/,
https://www.pensasystems.com/,
https://perfectdraft.com/uk/,
https://www.saveur-biere.com/fr/,
https://drinksupercoffee.com/,
https://winnin.com,
